"EmployeeID";"FirstName";"LastName";"Gender";"DateOfBirth";"Email";"Phone";"City";"DepartmentID";"Designation";"JoiningDate";"Salary"
1;"Libni";"Goswami";"Female";"1998-07-27";"chaturabose@company.com";"9272293156";"Delhi";2;"Team Lead";"2024-04-13";65525.0
2;"Laksh";"Sharma";"Male";"1999-11-11";"landra@company.com";"7375940806";"Gurugram";6;"Manager";"2021-08-10";37018.0
3;"Anamika";"Chaudhari";"Female";"1971-08-30";"baghyawati97@company.com";"4605283238";"Bengaluru";7;"Senior Executive";"2022-12-12";32494.0
4;"Aadi";"Saraf";"Male";"1973-10-18";"hpadmanabhan@company.com";"4906474834";"Delhi";4;"Manager";"2022-09-16";87237.0
5;"Inaya";"Brahmbhatt";"Female";"1986-03-03";"zayyan42@company.com";"8399114588";"Lucknow";2;"Intern";"2023-01-29";43026.0
6;"Mason";"Dugal";"Male";"1997-11-04";"fkashyap@company.com";"8797287593";"Faridabad";7;"Manager";"2025-09-04";66913.0
7;"Nisha";"Johal";"Female";"1991-02-25";"ksuresh@company.com";"2482782912";"Ghaziabad";4;"Executive";"2025-03-19";74586.0
8;"Eesha";"Vora";"Female";"1990-09-27";"xdhingra@company.com";"1948227756";"Gurugram";5;"Executive";"2023-02-09";57537.0
9;"Panini";"Datta";"Female";"1995-07-30";"bbadal@company.com";"8961229378";"Gurugram";2;"Intern";"2024-08-08";30500.0
10;"Mekhala";"Agate";"Female";"1972-11-13";"lila68@company.com";"1396982515";"Jaipur";2;"Team Lead";"2024-04-14";95150.0
11;"Girish";"Magar";"Male";"1989-03-01";"harinirajan@company.com";"5091922748";"Noida";5;"Executive";"2022-06-21";79592.0
12;"Aadi";"Gaba";"Male";"2003-09-28";"chakrikakashyap@company.com";"2018883370";"Bengaluru";6;"Intern";"2022-10-20";62900.0
13;"Balhaar";"Sathe";"Male";"1987-09-27";"duttadvik@company.com";"3141942097";"Bengaluru";4;"Team Lead";"2024-12-04";33607.0
14;"Wishi";"Chhabra";"Female";"1995-07-05";"nrajagopalan@company.com";"3048359710";"Delhi";2;"Team Lead";"2019-08-30";109312.0
15;"Zayan";"Naik";"Male";"2002-05-30";"vedanttoor@company.com";"9732031875";"Faridabad";3;"Intern";"2023-09-18";112909.0
16;"Yashasvi";"Naidu";"Female";"1983-06-30";"lucky86@company.com";"7699957294";"Delhi";5;"Intern";"2021-10-11";54342.0
17;"Advik";"Bajaj";"Male";"1985-09-14";"nandiniganesh@company.com";"4470359545";"Chandigarh";2;"Intern";"2025-01-01";110779.0
18;"Isaac";"Walla";"Male";"1990-02-16";"vedant74@company.com";"3065596761";"Ghaziabad";6;"Executive";"2026-01-13";35948.0
19;"Aarush";"Gour";"Male";"1980-11-09";"rmenon@company.com";"9905772634";"Ghaziabad";5;"Executive";"2021-08-18";32583.0
20;"Samar";"Dar";"Male";"1997-12-21";"krishanadig@company.com";"3266554799";"Noida";3;"Team Lead";"2020-06-10";106894.0
21;"Chandani";"Dara";"Female";"1989-12-09";"nilimaacharya@company.com";"5959962006";"Delhi";4;"Intern";"2019-03-24";95980.0
22;"Faqid";"Chandran";"Male";"1971-11-02";"pingleyash@company.com";"1412337355";"Jaipur";1;"Executive";"2018-11-13";88587.0
23;"Joshua";"Varty";"Male";"2004-06-15";"saxenazayan@company.com";"0516571409";"Jaipur";3;"Team Lead";"2023-12-09";99694.0
24;"Idika";"Boase";"Female";"2000-03-31";"balaanya@company.com";"6435986301";"Ghaziabad";6;"Intern";"2021-08-06";31954.0
25;"Jeevika";"Kothari";"Female";"1986-07-18";"tankvasudha@company.com";"5161840992";"Noida";2;"Team Lead";"2026-05-20";112026.0
26;"Bina";"Dayal";"Female";"1986-12-12";"ranbirdivan@company.com";"1060909332";"Ghaziabad";7;"Manager";"2022-07-22";101830.0
27;"Victor";"Bal";"Male";"1993-10-06";"lcomar@company.com";"9680411478";"Chandigarh";2;"Executive";"2022-04-19";26249.0
28;"Tara";"Magar";"Female";"1978-04-16";"bbandi@company.com";"9795635414";"Noida";1;"Intern";"2024-09-25";117973.0
29;"Lajita";"Sandal";"Female";"1984-05-29";"karpesiya@company.com";"2610981949";"Jaipur";5;"Team Lead";"2023-09-27";32390.0
30;"Aachal";"Saini";"Female";"1975-12-22";"yachanabarad@company.com";"1825914152";"Delhi";2;"Manager";"2024-01-31";32956.0
31;"Sudiksha";"Suri";"Female";"1972-02-23";"opalla@company.com";"6206919273";"Pune";7;"Manager";"2026-05-02";57685.0
32;"Nilima";"Saxena";"Female";"1992-10-09";"senguptafaqid@company.com";"6662278758";"Bengaluru";4;"Manager";"2018-07-12";44712.0
33;"Lucky";"Kalla";"Male";"1991-02-20";"jkapoor@company.com";"9149560122";"Delhi";2;"Intern";"2022-05-22";96624.0
34;"Pooja";"Ramachandran";"Female";"1984-07-22";"triya50@company.com";"9257935612";"Delhi";7;"Manager";"2026-05-08";116634.0
35;"Charvi";"Sarin";"Female";"1997-12-27";"chamankhurana@company.com";"8752154462";"Delhi";6;"Associate";"2023-02-12";113771.0
36;"Bishakha";"Mishra";"Female";"1971-03-07";"sanyarattan@company.com";"8127633175";"Ghaziabad";1;"Intern";"2023-11-05";99457.0
37;"Vedika";"Bhatt";"Female";"1994-05-18";"tamannanarang@company.com";"4854097276";"Faridabad";4;"Executive";"2018-11-27";76721.0
38;"Qasim";"Chada";"Male";"1991-02-22";"tmann@company.com";"6740720265";"Jaipur";3;"Associate";"2025-05-11";101281.0
39;"Barkha";"Sangha";"Female";"2002-03-07";"darandrew@company.com";"2807408942";"Lucknow";4;"Executive";"2020-04-07";59171.0
40;"Vrinda";"Varkey";"Female";"1980-03-17";"dugalkalpit@company.com";"8200963741";"Bengaluru";3;"Team Lead";"2022-05-29";113946.0
41;"Ishanvi";"Khare";"Female";"2000-07-03";"paitarak@company.com";"1758146327";"Bengaluru";2;"Senior Executive";"2024-07-08";114714.0
42;"Charita";"Bhattacharyya";"Female";"1970-09-15";"xdua@company.com";"5759815467";"Chandigarh";4;"Associate";"2021-03-17";104185.0
43;"Laksh";"Thakur";"Male";"1982-04-06";"yutikanarayan@company.com";"0822931348";"Ghaziabad";2;"Manager";"2021-11-17";66095.0
44;"Christopher";"Dugal";"Male";"1985-03-20";"rajagopaloliver@company.com";"7687141690";"Faridabad";2;"Executive";"2019-04-21";44052.0
45;"Yuvraj";"Garde";"Male";"1980-07-03";"babuekantika@company.com";"2100318383";"Delhi";3;"Intern";"2023-05-31";37169.0
46;"Dhriti";"Aurora";"Female";"1994-08-09";"khatrigeetika@company.com";"6032041329";"Noida";4;"Associate";"2021-06-06";90119.0
47;"Neelima";"Rao";"Female";"1998-06-21";"neel53@company.com";"4698005710";"Bengaluru";6;"Executive";"2024-10-09";98007.0
48;"Urvashi";"Kari";"Female";"1999-03-06";"mannefiyaz@company.com";"6387593082";"Delhi";7;"Team Lead";"2026-02-22";74430.0
49;"Laksh";"Bhatnagar";"Male";"1998-07-25";"harishparekh@company.com";"5826755176";"Delhi";2;"Executive";"2021-09-22";81131.0
50;"Tanmayi";"Sarraf";"Female";"1990-12-30";"praneel43@company.com";"8148283736";"Bengaluru";6;"Associate";"2026-03-11";116536.0
51;"Charan";"Bhardwaj";"Male";"1973-09-06";"sundaramudyati@company.com";"4630546650";"Lucknow";5;"Manager";"2023-06-24";83926.0
52;"Hemani";"Verma";"Female";"1989-07-04";"hemang83@company.com";"1185988532";"Gurugram";6;"Executive";"2022-06-12";36027.0
53;"Veer";"Kalita";"Male";"1982-07-25";"omisha11@company.com";"8549133406";"Pune";1;"Team Lead";"2023-02-23";58834.0
54;"Ayush";"Kapur";"Male";"1976-10-14";"manne@company.com";"0698768965";"Chandigarh";5;"Associate";"2020-07-03";117968.0
55;"Nidra";"Badami";"Female";"1973-08-01";"akothari@company.com";"1146014451";"Jaipur";2;"Associate";"2020-02-04";69846.0
56;"Ronith";"Patel";"Male";"2005-02-02";"meeravaidya@company.com";"6016859811";"Faridabad";4;"Intern";"2019-02-11";40400.0
57;"Jagat";"Chadha";"Male";"1997-08-10";"eiravati86@company.com";"8799787677";"Chandigarh";1;"Manager";"2025-04-28";38343.0
58;"Yoshita";"Swamy";"Female";"1978-04-22";"lucky59@company.com";"4737802314";"Delhi";6;"Team Lead";"2021-10-15";115310.0
59;"Rehaan";"Bansal";"Male";"1978-02-22";"cbuch@company.com";"5727645619";"Noida";7;"Team Lead";"2024-01-05";48522.0
60;"Ryan";"Kalita";"Male";"1995-07-17";"amaharaj@company.com";"0090403842";"Faridabad";4;"Team Lead";"2025-02-15";30520.0
61;"Raksha";"Vyas";"Female";"1984-11-30";"pbaral@company.com";"3170835425";"Gurugram";2;"Executive";"2023-12-02";78490.0
62;"Isha";"Bhat";"Female";"1991-11-15";"anandveda@company.com";"4034342104";"Bengaluru";7;"Executive";"2020-06-03";56111.0
63;"Kala";"Hans";"Female";"1983-10-09";"samesh49@company.com";"2205529085";"Lucknow";4;"Associate";"2022-03-21";68525.0
64;"Anya";"Nagarajan";"Female";"1984-10-26";"qushicontractor@company.com";"8199097455";"Noida";3;"Associate";"2019-02-18";106412.0
65;"Dev";"Atwal";"Male";"1991-04-20";"knarang@company.com";"5553394062";"Gurugram";1;"Team Lead";"2020-12-16";112088.0
66;"Manan";"Subramanian";"Male";"1999-04-12";"qsarma@company.com";"6791156793";"Lucknow";5;"Intern";"2021-11-18";104373.0
67;"Dalbir";"Savant";"Male";"1996-07-19";"dalbirdevi@company.com";"0836413010";"Chandigarh";2;"Manager";"2022-03-29";57922.0
68;"Abeer";"Gokhale";"Male";"1998-12-24";"dalajakhurana@company.com";"9779908773";"Bengaluru";4;"Intern";"2021-01-22";34025.0
69;"Kashish";"Gola";"Female";"1988-10-14";"michaelsant@company.com";"0589385902";"Bengaluru";4;"Team Lead";"2018-12-30";63283.0
70;"Harrison";"Saxena";"Male";"2004-09-07";"savantdaniel@company.com";"4098396710";"Pune";6;"Intern";"2025-05-20";47361.0
71;"Yochana";"Garde";"Female";"1997-03-05";"frederick57@company.com";"9995363561";"Noida";3;"Intern";"2025-04-03";95466.0
72;"Yahvi";"Batra";"Female";"1973-04-10";"ochand@company.com";"7081977746";"Faridabad";5;"Team Lead";"2023-06-10";58811.0
73;"Damyanti";"Chakraborty";"Female";"1990-04-11";"sudiksha29@company.com";"9652408988";"Bengaluru";7;"Team Lead";"2019-05-20";34645.0
74;"Manbir";"Hayre";"Male";"2000-11-01";"esaxena@company.com";"1933151661";"Chandigarh";2;"Team Lead";"2023-07-09";99624.0
75;"Lajita";"Deshmukh";"Female";"1988-04-19";"mitaliramanathan@company.com";"0837312875";"Lucknow";7;"Manager";"2020-12-07";44324.0
76;"Ranveer";"Subramanian";"Male";"1994-12-31";"krishnori@company.com";"0070554557";"Pune";5;"Manager";"2019-04-14";94617.0
77;"Abhimanyu";"Patel";"Male";"1994-02-05";"gsarkar@company.com";"0070366750";"Jaipur";4;"Manager";"2021-07-09";57848.0
78;"Turvi";"Malhotra";"Female";"1973-08-24";"manilajita@company.com";"3205959148";"Gurugram";1;"Team Lead";"2020-03-17";112408.0
79;"Om";"Vyas";"Male";"1993-01-07";"geetikamukhopadhyay@company.com";"1790304411";"Jaipur";2;"Manager";"2022-01-17";40745.0
80;"Frederick";"Sathe";"Male";"1991-03-29";"bimalamammen@company.com";"1414932431";"Bengaluru";2;"Manager";"2023-10-22";105114.0
81;"Samesh";"Ahluwalia";"Male";"1979-12-27";"joshuawali@company.com";"8434011261";"Pune";2;"Manager";"2023-06-14";67808.0
82;"Yagnesh";"Rajan";"Male";"1983-07-30";"naidudevika@company.com";"3612911977";"Jaipur";7;"Manager";"2025-05-21";96024.0
83;"Widisha";"Agarwal";"Female";"1983-04-20";"vedajaggi@company.com";"1822903711";"Lucknow";6;"Team Lead";"2020-06-24";32392.0
84;"Vanya";"Sane";"Female";"1997-05-25";"vaishnavimurty@company.com";"2759064629";"Delhi";1;"Associate";"2018-12-30";51173.0
85;"Triveni";"Boase";"Female";"1991-05-13";"samakshsha@company.com";"2493689081";"Delhi";4;"Team Lead";"2021-06-24";44394.0
86;"Triya";"Kapadia";"Female";"1977-12-30";"qsahni@company.com";"0101425933";"Noida";6;"Team Lead";"2024-09-25";82298.0
87;"Shivansh";"Sane";"Male";"1982-08-02";"yahvi96@company.com";"4134208107";"Lucknow";3;"Associate";"2018-09-21";111592.0
88;"Bhavika";"Gokhale";"Female";"2003-02-17";"isha72@company.com";"2235830510";"Noida";3;"Senior Executive";"2024-10-14";90713.0
89;"Zaid";"Sekhon";"Male";"1992-03-03";"aryangara@company.com";"0168103781";"Gurugram";2;"Executive";"2019-12-21";118059.0
90;"Chasmum";"Hari";"Female";"1974-12-02";"dominic23@company.com";"4660550148";"Pune";5;"Manager";"2019-07-11";37433.0
91;"Sara";"Doshi";"Female";"1985-02-21";"balveerkuruvilla@company.com";"1910245840";"Faridabad";5;"Associate";"2026-01-23";55284.0
92;"Pratyush";"Goyal";"Male";"1993-01-31";"pgole@company.com";"9889070045";"Bengaluru";2;"Associate";"2024-07-16";81710.0
93;"Zayyan";"Krishnan";"Male";"1994-06-14";"ekanikota@company.com";"7892946348";"Jaipur";4;"Executive";"2022-04-11";106374.0
94;"Hema";"Shah";"Female";"1973-08-21";"nikitagolla@company.com";"5215707546";"Noida";4;"Team Lead";"2023-07-10";85929.0
95;"Charan";"Chaudhary";"Male";"1996-09-03";"bansallibni@company.com";"5380276572";"Lucknow";3;"Team Lead";"2021-10-21";58662.0
96;"Irya";"Bakshi";"Female";"2004-12-01";"harinakshivasa@company.com";"0488755227";"Bengaluru";3;"Team Lead";"2025-03-26";40691.0
97;"Rushil";"Savant";"Male";"1973-07-08";"ekavir89@company.com";"6930710313";"Chandigarh";2;"Senior Executive";"2022-11-17";42504.0
98;"Aditya";"Banerjee";"Male";"1985-08-11";"radhakumar@company.com";"8984733394";"Bengaluru";2;"Executive";"2022-03-04";112566.0
99;"Anika";"Tara";"Female";"1979-01-04";"uyadav@company.com";"4837467501";"Gurugram";2;"Intern";"2024-05-16";65136.0
100;"Jasmit";"Talwar";"Female";"1988-01-02";"isaac66@company.com";"6628409690";"Lucknow";4;"Manager";"2024-08-05";28185.0
101;"Netra";"Prabhakar";"Female";"2002-10-20";"vasanagara@company.com";"6542208908";"Bengaluru";3;"Manager";"2024-07-15";43379.0
102;"Hemani";"Sarkar";"Female";"1991-03-29";"rohan64@company.com";"4906466444";"Pune";3;"Associate";"2025-09-24";100238.0
103;"Jairaj";"Sastry";"Male";"1988-09-30";"tkakar@company.com";"4957339609";"Noida";1;"Team Lead";"2025-08-15";37981.0
104;"Ekalinga";"Virk";"Male";"1982-06-23";"idas@company.com";"5282525122";"Pune";2;"Intern";"2023-10-18";118890.0
105;"Qarin";"Shanker";"Male";"1987-07-27";"danielchoudhry@company.com";"3979864503";"Lucknow";4;"Executive";"2021-03-20";83704.0
106;"Udant";"Narang";"Male";"1986-03-20";"ekarajrana@company.com";"9412161206";"Ghaziabad";5;"Senior Executive";"2018-11-12";49771.0
107;"Ekta";"Dave";"Female";"1995-12-21";"mdash@company.com";"8689134021";"Ghaziabad";4;"Intern";"2018-10-07";95174.0
108;"Chakrika";"Kant";"Female";"1990-08-02";"gavin08@company.com";"4057347648";"Faridabad";2;"Team Lead";"2025-05-11";52918.0
109;"Leena";"Ramaswamy";"Female";"1999-03-02";"mallickunnati@company.com";"3244325031";"Jaipur";1;"Team Lead";"2019-02-12";71518.0
110;"Aahana";"Walla";"Female";"1979-09-26";"vamakshinadkarni@company.com";"8710564878";"Pune";5;"Intern";"2022-02-23";61065.0
111;"Caleb";"Lalla";"Male";"2002-02-10";"vedadora@company.com";"8925243921";"Pune";4;"Senior Executive";"2026-04-17";99525.0
112;"Harrison";"Kala";"Male";"1995-12-14";"odalia@company.com";"5605790792";"Ghaziabad";5;"Manager";"2023-06-15";69004.0
113;"Raagini";"Mohan";"Female";"1987-02-11";"vidhibera@company.com";"6443574428";"Chandigarh";4;"Intern";"2025-12-31";42700.0
114;"Irya";"Bava";"Female";"1997-07-04";"psankar@company.com";"1994637659";"Pune";7;"Intern";"2019-08-27";54854.0
115;"Thomas";"Lad";"Male";"1973-10-25";"sabharwaltristan@company.com";"5472320395";"Pune";7;"Manager";"2022-05-27";99678.0
116;"Advik";"Swaminathan";"Male";"1976-09-12";"ulad@company.com";"9875833580";"Noida";7;"Team Lead";"2021-03-25";79157.0
117;"Maanav";"Kibe";"Male";"1985-06-23";"chandani28@company.com";"3849443716";"Noida";1;"Executive";"2019-01-15";61154.0
118;"Pranit";"Baria";"Male";"1990-10-23";"watika89@company.com";"9711344259";"Lucknow";2;"Intern";"2025-06-22";49358.0
119;"Simon";"Wable";"Male";"1981-05-24";"berabarkha@company.com";"5433472322";"Delhi";5;"Senior Executive";"2022-12-10";65175.0
120;"Akshay";"Natarajan";"Male";"1977-11-08";"vbath@company.com";"9945306878";"Ghaziabad";1;"Manager";"2020-05-01";115468.0
121;"Mohammed";"Kala";"Male";"1995-04-28";"msood@company.com";"0119862729";"Jaipur";6;"Associate";"2026-02-17";78340.0
122;"Baghyawati";"Swaminathan";"Female";"1990-06-29";"eiravati00@company.com";"1596303156";"Jaipur";1;"Executive";"2019-01-23";112253.0
123;"Caleb";"Yohannan";"Male";"1975-04-04";"alkaahuja@company.com";"9363306242";"Bengaluru";3;"Associate";"2025-07-12";88435.0
124;"Vedika";"Kari";"Female";"1983-04-16";"omaja65@company.com";"8288383859";"Bengaluru";2;"Team Lead";"2023-08-17";88464.0
125;"Fiyaz";"Patel";"Male";"1986-06-21";"charan46@company.com";"4463236019";"Bengaluru";5;"Associate";"2026-05-15";38375.0
126;"Isaac";"Dua";"Male";"1983-07-28";"wprabhakar@company.com";"5678961979";"Faridabad";5;"Senior Executive";"2025-06-05";31030.0
127;"Neel";"Sidhu";"Male";"1983-09-30";"ybumb@company.com";"3493618470";"Chandigarh";5;"Team Lead";"2019-01-16";114701.0
128;"Rudra";"Pathak";"Male";"1989-03-29";"avi43@company.com";"7627238104";"Bengaluru";7;"Manager";"2023-12-09";103681.0
129;"Qabil";"Muni";"Male";"1975-07-21";"balhaar15@company.com";"0591066840";"Jaipur";3;"Intern";"2019-07-22";36117.0
130;"Radha";"Gade";"Female";"1982-08-04";"gaurika02@company.com";"0434237903";"Gurugram";5;"Manager";"2019-09-19";38792.0
131;"Garima";"Sangha";"Female";"1976-07-25";"dakshbabu@company.com";"2352287852";"Pune";7;"Senior Executive";"2024-01-22";67286.0
132;"Jason";"Som";"Male";"2002-05-08";"ebiswas@company.com";"6245414567";"Lucknow";7;"Associate";"2019-09-05";79040.0
133;"Falan";"Viswanathan";"Male";"1986-09-23";"onichoudhry@company.com";"1482852528";"Noida";6;"Team Lead";"2020-06-29";118795.0
134;"Advik";"Sura";"Male";"1994-11-06";"meerachauhan@company.com";"5095100279";"Gurugram";1;"Intern";"2023-02-23";67282.0
135;"Onveer";"Deshpande";"Male";"1986-10-25";"zkulkarni@company.com";"1366336617";"Lucknow";6;"Associate";"2019-02-24";74438.0
136;"Abhiram";"Hegde";"Male";"1987-07-28";"lavanyasodhi@company.com";"6209118174";"Bengaluru";5;"Executive";"2026-02-17";95079.0
137;"Aishani";"Puri";"Female";"1973-01-16";"savantcharita@company.com";"7251298438";"Faridabad";2;"Team Lead";"2026-02-03";51803.0
138;"Bimala";"Arora";"Female";"2002-06-06";"dalaja40@company.com";"3039737353";"Chandigarh";4;"Intern";"2022-10-18";54589.0
139;"Girindra";"Dara";"Male";"1983-06-02";"yamini93@company.com";"8028160894";"Faridabad";1;"Manager";"2022-12-07";100843.0
140;"Jacob";"Ahuja";"Male";"1998-03-09";"yashawinisrinivasan@company.com";"2380123380";"Gurugram";7;"Associate";"2019-09-30";46373.0
141;"Abhiram";"Tella";"Male";"1976-07-26";"raiyachana@company.com";"8762554695";"Faridabad";5;"Associate";"2020-03-07";70000.0
142;"Karan";"Krishnan";"Male";"1980-02-29";"ytripathi@company.com";"6542474781";"Bengaluru";3;"Manager";"2020-08-21";80554.0
143;"Zaid";"Maharaj";"Male";"1971-03-11";"zaid51@company.com";"0869593132";"Gurugram";6;"Team Lead";"2023-01-20";72208.0
144;"Luke";"Manda";"Male";"2002-09-27";"sachichaudhry@company.com";"6272034247";"Chandigarh";1;"Team Lead";"2026-05-08";113064.0
145;"Bhavika";"Batra";"Female";"1986-05-19";"chaudhrychandresh@company.com";"5040823192";"Gurugram";6;"Team Lead";"2019-12-06";115679.0
146;"Neelima";"Khalsa";"Female";"1990-09-08";"ayushman32@company.com";"2220176861";"Pune";1;"Team Lead";"2020-09-13";117304.0
147;"Atharv";"Swamy";"Male";"1994-07-13";"asuri@company.com";"4328009213";"Noida";7;"Manager";"2024-07-16";101367.0
148;"Sara";"Bahri";"Female";"1978-01-30";"onarain@company.com";"7939838981";"Gurugram";5;"Team Lead";"2025-12-02";28419.0
149;"Amaira";"Suri";"Female";"1995-02-14";"jonathan33@company.com";"4065278690";"Delhi";1;"Intern";"2019-03-07";110756.0
150;"Isaiah";"Varty";"Male";"1985-09-17";"lajita01@company.com";"1612174137";"Chandigarh";1;"Manager";"2021-06-23";96344.0
151;"Idika";"Bhatti";"Female";"1991-03-24";"ksaran@company.com";"0010587858";"Chandigarh";3;"Associate";"2024-02-25";84790.0
152;"Ayaan";"Konda";"Male";"1982-08-02";"ganganarasimhan@company.com";"7602495077";"Noida";1;"Intern";"2020-09-29";116809.0
153;"Janaki";"Hari";"Female";"1985-02-12";"eshana98@company.com";"4512951075";"Chandigarh";1;"Associate";"2024-06-01";85424.0
154;"Bhavini";"Acharya";"Female";"1975-11-08";"jgarg@company.com";"9129048462";"Delhi";7;"Manager";"2025-04-09";109164.0
155;"Oviya";"Dar";"Female";"2004-04-16";"ikhare@company.com";"9620652860";"Chandigarh";7;"Team Lead";"2021-09-17";79803.0
156;"Dalbir";"Panchal";"Male";"1984-12-31";"nigamveer@company.com";"0012015225";"Pune";6;"Manager";"2020-12-14";70201.0
157;"Yashoda";"Karan";"Female";"1973-12-19";"bchaudry@company.com";"8499769829";"Pune";2;"Team Lead";"2020-11-29";30721.0
158;"Lipika";"Ratta";"Female";"1992-03-02";"chaudharibalhaar@company.com";"9455572312";"Ghaziabad";7;"Manager";"2024-01-27";74192.0
159;"Sanya";"Ramaswamy";"Female";"1980-12-18";"prabhakarvritti@company.com";"7374079884";"Gurugram";3;"Associate";"2022-10-21";115283.0
160;"Kai";"Patil";"Male";"1996-06-08";"arunima47@company.com";"2293368892";"Ghaziabad";5;"Executive";"2018-12-09";86178.0
161;"Libni";"Chakrabarti";"Female";"1984-10-12";"saksham66@company.com";"1471864183";"Lucknow";3;"Associate";"2019-07-29";52598.0
162;"Girindra";"Sankar";"Male";"1984-01-22";"godamanbir@company.com";"5404964988";"Pune";1;"Senior Executive";"2025-10-15";84124.0
163;"Aarush";"Mahal";"Male";"1999-08-12";"nitaratella@company.com";"6637092256";"Faridabad";7;"Intern";"2025-10-24";94593.0
164;"Eesha";"Warrior";"Female";"1974-04-09";"triyaminhas@company.com";"7213048598";"Pune";2;"Intern";"2020-11-30";38858.0
165;"Benjamin";"Naik";"Male";"2003-12-14";"triya40@company.com";"6286372736";"Bengaluru";2;"Team Lead";"2020-09-25";54857.0
166;"Qasim";"Sampath";"Male";"1984-09-12";"snatarajan@company.com";"3732986154";"Noida";3;"Manager";"2019-01-26";91790.0
167;"Manan";"Kala";"Male";"1974-02-09";"pathakekaja@company.com";"4616966139";"Bengaluru";6;"Manager";"2025-08-24";43517.0
168;"Wahab";"Murty";"Male";"1985-08-03";"jcomar@company.com";"4635851048";"Chandigarh";3;"Executive";"2023-05-09";71050.0
169;"Ranbir";"Prakash";"Male";"1998-07-26";"ishanvikamdar@company.com";"2987985896";"Gurugram";4;"Intern";"2018-10-28";47341.0
170;"Niharika";"Chakrabarti";"Female";"1991-06-16";"gdar@company.com";"9163851370";"Faridabad";5;"Executive";"2024-10-05";52678.0
171;"Zayan";"Prabhakar";"Male";"1971-08-03";"tristan32@company.com";"0015028597";"Chandigarh";2;"Senior Executive";"2022-03-29";89595.0
172;"Madhav";"Ramanathan";"Male";"1996-02-12";"elad@company.com";"2687913071";"Jaipur";1;"Associate";"2020-08-02";79605.0
173;"Madhav";"Soni";"Male";"1972-08-09";"omkaar35@company.com";"4087773213";"Bengaluru";5;"Team Lead";"2022-02-17";114685.0
174;"Sathvik";"Shetty";"Male";"2005-01-19";"aarnabhakta@company.com";"5472628961";"Bengaluru";1;"Manager";"2020-07-07";112930.0
175;"Divya";"Suri";"Female";"1977-05-28";"sgarde@company.com";"7503067197";"Lucknow";7;"Senior Executive";"2026-03-07";87074.0
176;"Faraj";"Chakraborty";"Male";"1988-10-20";"yug69@company.com";"4844301536";"Faridabad";3;"Manager";"2023-03-11";43943.0
177;"Simon";"Prabhu";"Male";"1995-02-04";"ezachariah@company.com";"9252869589";"Lucknow";3;"Team Lead";"2024-11-12";78559.0
178;"Vedant";"Kannan";"Male";"1992-02-13";"ramjanya@company.com";"0245874724";"Lucknow";3;"Senior Executive";"2019-06-13";35982.0
179;"Viraj";"Magar";"Male";"1981-08-16";"lakshmi27@company.com";"3930539052";"Gurugram";1;"Intern";"2020-05-23";31309.0
180;"Chandani";"Shere";"Female";"2001-09-18";"pratta@company.com";"3401151388";"Bengaluru";5;"Senior Executive";"2023-07-23";39007.0
181;"Vaishnavi";"Kala";"Female";"2004-06-21";"pallahemangini@company.com";"8661156582";"Delhi";5;"Intern";"2023-03-26";65554.0
182;"Theodore";"Amble";"Male";"1993-12-07";"deepshaurya@company.com";"3797513760";"Jaipur";2;"Intern";"2020-04-17";29401.0
183;"Laban";"Tara";"Male";"1971-05-16";"aryanwalla@company.com";"2537223688";"Delhi";2;"Senior Executive";"2024-04-29";118751.0
184;"Nachiket";"Johal";"Male";"1977-05-05";"quincy17@company.com";"5809842183";"Gurugram";7;"Executive";"2019-05-15";84110.0
185;"Chanakya";"Pathak";"Male";"1995-01-12";"padmanabhanbarkha@company.com";"3791004026";"Chandigarh";5;"Manager";"2023-10-10";35623.0
186;"Ekiya";"Mangal";"Female";"1979-12-30";"sudiksharaman@company.com";"4232743650";"Faridabad";1;"Team Lead";"2018-10-16";81241.0
187;"Darpan";"Gala";"Male";"1987-08-23";"xkakar@company.com";"9981192935";"Jaipur";6;"Executive";"2019-12-29";115134.0
188;"Lajita";"Dugar";"Female";"1990-01-26";"loganchhabra@company.com";"2709155117";"Delhi";5;"Manager";"2020-01-08";47202.0
189;"Anya";"Chokshi";"Female";"2003-11-01";"agastyadua@company.com";"7388186520";"Lucknow";5;"Executive";"2024-01-28";117977.0
190;"Pratyush";"Khalsa";"Male";"1988-10-03";"azadmerchant@company.com";"5467578746";"Faridabad";7;"Senior Executive";"2021-03-29";97763.0
191;"Ganga";"Gopal";"Female";"1995-09-18";"vedantpatel@company.com";"1504227537";"Chandigarh";6;"Associate";"2019-06-22";108969.0
192;"Yagnesh";"Sandhu";"Male";"1984-01-02";"reyansh23@company.com";"1389329583";"Pune";2;"Senior Executive";"2021-02-28";46976.0
193;"Baljiwan";"Mody";"Male";"1987-08-01";"aarav25@company.com";"2535844198";"Noida";6;"Executive";"2023-04-26";43156.0
194;"Aahana";"Banik";"Female";"1992-09-22";"dominic34@company.com";"2023318328";"Faridabad";2;"Executive";"2021-03-05";53055.0
195;"Jagvi";"Bhat";"Female";"1971-07-27";"sahotashivansh@company.com";"4097876878";"Ghaziabad";1;"Executive";"2025-02-02";118752.0
196;"Tanmayi";"Bhardwaj";"Female";"1980-04-15";"battashaurya@company.com";"4562006044";"Noida";5;"Intern";"2025-09-08";119891.0
197;"Yadavi";"Sarin";"Female";"1983-08-21";"saranshivani@company.com";"7262308444";"Jaipur";6;"Senior Executive";"2023-07-17";102326.0
198;"Warda";"Acharya";"Female";"1989-12-21";"korpalkaran@company.com";"4279663675";"Ghaziabad";7;"Manager";"2021-02-16";57697.0
199;"Mugdha";"Bajwa";"Female";"2000-01-17";"edugar@company.com";"7137436703";"Faridabad";6;"Executive";"2022-07-03";42387.0
200;"Edhitha";"Palan";"Female";"1994-01-02";"kchahal@company.com";"7421259679";"Noida";7;"Team Lead";"2018-12-06";39552.0
201;"Baghyawati";"Kurian";"Female";"1983-02-19";"qasim01@company.com";"6327204930";"Lucknow";7;"Associate";"2019-08-01";113106.0
202;"Hredhaan";"Pillay";"Male";"1973-04-27";"charles54@company.com";"9257160572";"Chandigarh";3;"Team Lead";"2023-11-15";59244.0
203;"Madhavi";"Grover";"Female";"1997-07-16";"pradhansamaksh@company.com";"6611789433";"Chandigarh";7;"Senior Executive";"2025-08-26";51149.0
204;"Jagvi";"Sagar";"Female";"1986-07-15";"rohan88@company.com";"0145428059";"Faridabad";7;"Executive";"2023-09-14";73443.0
205;"Krish";"Dhaliwal";"Male";"1972-08-18";"munshidamyanti@company.com";"0093733988";"Bengaluru";4;"Executive";"2022-01-02";72679.0
206;"Girindra";"Varughese";"Male";"1977-04-18";"munshiabha@company.com";"7932785218";"Bengaluru";2;"Team Lead";"2024-06-09";74971.0
207;"Nihal";"Varkey";"Male";"1973-08-05";"wyatt58@company.com";"7920003141";"Pune";4;"Team Lead";"2022-07-12";45810.0
208;"Teerth";"Boase";"Male";"1992-04-16";"charita03@company.com";"3896331790";"Ghaziabad";7;"Senior Executive";"2022-02-02";27784.0
209;"Nitara";"Bora";"Female";"1987-01-23";"wraja@company.com";"6961556428";"Chandigarh";2;"Intern";"2024-03-11";67088.0
210;"Unni";"Koshy";"Female";"1987-05-26";"nilimagill@company.com";"3171905932";"Lucknow";2;"Associate";"2018-08-21";79161.0
211;"Ridhi";"Bhakta";"Female";"1985-03-03";"yatanwalla@company.com";"9907946783";"Ghaziabad";3;"Team Lead";"2021-09-27";71523.0
212;"Yashawini";"Sem";"Female";"1998-04-21";"mayamistry@company.com";"7720956526";"Ghaziabad";5;"Intern";"2023-10-27";76893.0
213;"Bishakha";"Sant";"Female";"1984-01-18";"dtrivedi@company.com";"4057440948";"Lucknow";3;"Intern";"2023-07-13";67254.0
214;"Zehaan";"Chauhan";"Male";"1994-07-26";"faris47@company.com";"6707072917";"Pune";7;"Intern";"2025-03-05";39538.0
215;"Rohan";"Sunder";"Male";"1986-10-19";"zehaan66@company.com";"5261380946";"Jaipur";7;"Associate";"2025-03-16";106091.0
216;"Niharika";"Chhabra";"Female";"2000-03-16";"gsandhu@company.com";"2463057310";"Jaipur";6;"Executive";"2025-09-28";89853.0
217;"Avni";"Dubey";"Female";"2003-04-22";"hlala@company.com";"7432031113";"Bengaluru";2;"Associate";"2024-08-07";100654.0
218;"Inaya";"Choudhury";"Female";"1983-08-10";"nathan45@company.com";"8907479014";"Bengaluru";5;"Team Lead";"2024-08-04";73828.0
219;"Yuvraj";"Thakkar";"Male";"2000-10-03";"niharikanarain@company.com";"4734544062";"Noida";7;"Intern";"2024-01-02";58619.0
220;"Vincent";"Murty";"Male";"1979-08-26";"eshana23@company.com";"5208344128";"Gurugram";4;"Senior Executive";"2020-09-22";84437.0
221;"Aishani";"Ravi";"Female";"1989-11-01";"meghana90@company.com";"7707290710";"Pune";5;"Executive";"2021-09-29";76711.0
222;"Lakshit";"Mander";"Male";"1991-05-03";"snehakari@company.com";"2052041988";"Chandigarh";3;"Associate";"2020-05-17";102601.0
223;"Mitesh";"Purohit";"Male";"1978-10-11";"nathjagdish@company.com";"7963182003";"Bengaluru";6;"Senior Executive";"2020-12-14";109091.0
224;"Agastya";"Khare";"Male";"1989-07-19";"lavanyamajumdar@company.com";"7846824236";"Bengaluru";3;"Executive";"2023-10-23";40194.0
225;"Ekaraj";"Sundaram";"Male";"1975-08-03";"bhaktamitesh@company.com";"6330781458";"Lucknow";3;"Senior Executive";"2020-04-03";84812.0
226;"Udyati";"Pai";"Female";"1971-09-22";"ikbal41@company.com";"2718636007";"Ghaziabad";4;"Intern";"2020-12-15";101213.0
227;"Champak";"Deshpande";"Male";"1978-05-09";"venkateshpratyush@company.com";"4480865932";"Jaipur";6;"Team Lead";"2026-01-21";54730.0
228;"Guneet";"Kale";"Male";"1980-01-11";"warinder79@company.com";"2349666269";"Jaipur";1;"Executive";"2019-01-08";65757.0
229;"Kai";"Rajagopalan";"Male";"1998-06-01";"imaranpau@company.com";"2139777797";"Noida";6;"Intern";"2018-07-20";66896.0
230;"Aayush";"Kunda";"Male";"2004-10-05";"yvala@company.com";"6032225990";"Ghaziabad";1;"Senior Executive";"2022-12-29";79291.0
231;"Isaiah";"Patel";"Male";"1981-01-14";"tdhaliwal@company.com";"2935998120";"Chandigarh";6;"Intern";"2025-03-18";44785.0
232;"Peter";"Prabhakar";"Male";"1996-05-30";"anjali16@company.com";"7453783625";"Noida";1;"Manager";"2026-01-26";118913.0
233;"Yashawini";"Puri";"Female";"1976-05-12";"hemangpatil@company.com";"1366492564";"Ghaziabad";6;"Manager";"2021-11-10";109276.0
234;"Advay";"Shah";"Male";"1989-06-07";"madanfinn@company.com";"8443085136";"Faridabad";2;"Manager";"2023-08-11";52648.0
235;"Turvi";"Jaggi";"Female";"2002-12-18";"dganguly@company.com";"5410724165";"Gurugram";2;"Manager";"2021-08-27";111503.0
236;"Yagnesh";"Chowdhury";"Male";"1982-05-06";"vedika79@company.com";"6015242267";"Lucknow";7;"Senior Executive";"2025-10-01";48178.0
237;"Qadim";"Zacharia";"Male";"1992-12-14";"semyug@company.com";"8589134599";"Lucknow";5;"Intern";"2023-11-17";27574.0
238;"Maanas";"Thakur";"Male";"1974-10-27";"diptacomar@company.com";"5086361839";"Ghaziabad";2;"Associate";"2021-01-05";114404.0
239;"Yutika";"Halder";"Female";"1994-11-12";"rshanker@company.com";"2054670597";"Bengaluru";2;"Associate";"2019-12-31";51003.0
240;"Gaurangi";"Borde";"Female";"1981-09-09";"chawlamanbir@company.com";"8847901701";"Chandigarh";6;"Manager";"2023-01-10";110255.0
241;"Jagrati";"Yohannan";"Female";"1995-01-28";"saumyakohli@company.com";"2439054584";"Bengaluru";3;"Intern";"2025-11-25";71747.0
242;"Aarna";"Dasgupta";"Female";"1983-03-18";"wbal@company.com";"4765618819";"Lucknow";7;"Manager";"2019-04-22";98062.0
243;"Aachal";"Shere";"Female";"2002-12-07";"ethan51@company.com";"4995085081";"Lucknow";1;"Senior Executive";"2019-05-23";58853.0
244;"Upma";"Srivastava";"Female";"1994-02-08";"sundaramonkar@company.com";"8065508602";"Pune";1;"Intern";"2025-02-26";39681.0
245;"Saumya";"Bobal";"Female";"1988-01-29";"somanisaiah@company.com";"0116410173";"Jaipur";3;"Team Lead";"2025-03-10";96740.0
246;"Samaksh";"Banerjee";"Male";"1979-03-22";"fbahl@company.com";"8255791932";"Bengaluru";7;"Intern";"2026-05-06";96666.0
247;"Liam";"Subramanian";"Male";"2005-05-05";"siya21@company.com";"8926896241";"Noida";3;"Senior Executive";"2020-10-02";62349.0
248;"Ria";"Wagle";"Female";"1984-04-11";"sharafkevin@company.com";"1609624935";"Bengaluru";1;"Team Lead";"2024-08-29";54700.0
249;"Hiral";"Saran";"Female";"1983-05-08";"trivenikaul@company.com";"9754980963";"Pune";2;"Executive";"2019-08-22";26595.0
250;"Pahal";"Rege";"Female";"1979-02-09";"ladkrish@company.com";"6253039050";"Ghaziabad";5;"Executive";"2019-06-05";65985.0
251;"Ekavir";"Talwar";"Male";"1973-01-12";"bajajishwar@company.com";"5875010713";"Ghaziabad";2;"Team Lead";"2025-11-06";31061.0
252;"Ekani";"Nayar";"Female";"1996-04-06";"mishrabalvan@company.com";"2589710344";"Ghaziabad";1;"Intern";"2024-04-02";83164.0
253;"Caleb";"Padmanabhan";"Male";"1989-03-10";"chandersudiksha@company.com";"7377361234";"Jaipur";6;"Manager";"2023-01-21";110839.0
254;"Arunima";"Dugal";"Female";"1975-03-03";"tejas58@company.com";"0158468349";"Noida";3;"Associate";"2025-01-03";65827.0
255;"Lavanya";"Bawa";"Female";"1992-05-27";"champak06@company.com";"6662018106";"Pune";3;"Associate";"2021-08-10";70991.0
256;"Balvan";"Palla";"Male";"1975-10-06";"chahalwridesh@company.com";"3231524240";"Bengaluru";6;"Manager";"2019-06-23";49791.0
257;"Ayush";"Divan";"Male";"1975-11-14";"ldasgupta@company.com";"3668482585";"Gurugram";5;"Manager";"2023-05-23";54873.0
258;"Ria";"Sem";"Female";"2000-09-18";"aditya50@company.com";"0404804478";"Noida";7;"Team Lead";"2026-05-18";74604.0
259;"Chakradhar";"Ratti";"Male";"1997-11-09";"chaturasampath@company.com";"8516499556";"Delhi";5;"Team Lead";"2026-01-22";56867.0
260;"Lohit";"Hayer";"Male";"2003-12-29";"bdass@company.com";"2460772464";"Faridabad";2;"Manager";"2019-11-29";52308.0
261;"Dalaja";"Chanda";"Female";"1982-11-18";"upadhyayjatin@company.com";"1848750204";"Pune";4;"Executive";"2021-04-15";103817.0
262;"Rachana";"Sem";"Female";"1973-09-30";"balaanirudh@company.com";"4038953536";"Delhi";4;"Executive";"2025-12-02";73875.0
263;"Fitan";"Deo";"Male";"1999-01-05";"ggole@company.com";"9728513241";"Jaipur";4;"Executive";"2024-03-05";92764.0
264;"Ladli";"Behl";"Female";"1981-04-14";"hemalhari@company.com";"2160525726";"Lucknow";1;"Intern";"2022-01-15";80605.0
265;"Teerth";"Solanki";"Male";"1976-11-04";"manthan77@company.com";"0911321212";"Noida";3;"Intern";"2021-02-20";78347.0
266;"Amara";"Nath";"Female";"1987-12-05";"zaid60@company.com";"8454908279";"Jaipur";7;"Associate";"2024-03-08";68394.0
267;"Eta";"Sawhney";"Female";"2004-03-13";"lchatterjee@company.com";"5516770548";"Lucknow";1;"Intern";"2021-07-02";85527.0
268;"Kalpit";"Garg";"Male";"2001-12-09";"shauryarastogi@company.com";"1176600738";"Pune";6;"Manager";"2021-07-14";49026.0
269;"Ishwar";"Peri";"Male";"1990-06-12";"janakichopra@company.com";"5677440640";"Delhi";5;"Executive";"2026-04-15";31300.0
270;"Madhav";"Thakur";"Male";"1993-07-16";"badamiedhitha@company.com";"7882917860";"Gurugram";6;"Manager";"2025-07-02";81923.0
271;"Jyoti";"Kade";"Female";"1992-01-09";"hamsini52@company.com";"4352761769";"Delhi";1;"Executive";"2019-02-06";112078.0
272;"Tristan";"Thakkar";"Male";"2002-01-26";"wsagar@company.com";"3186742324";"Pune";6;"Senior Executive";"2023-03-31";53355.0
273;"Qushi";"Sidhu";"Female";"1979-08-20";"kevin09@company.com";"8244806674";"Jaipur";3;"Manager";"2021-07-21";67154.0
274;"Meera";"Lad";"Female";"1989-01-01";"gtella@company.com";"4053465721";"Faridabad";2;"Manager";"2023-09-09";87343.0
275;"Keya";"Lanka";"Female";"1976-06-12";"saxenagautam@company.com";"4505966973";"Pune";3;"Manager";"2022-09-26";95584.0
276;"Megha";"Krishnan";"Female";"2003-07-16";"bina80@company.com";"5545799860";"Noida";7;"Associate";"2025-03-23";57689.0
277;"Vidhi";"Randhawa";"Female";"1989-01-28";"qabilghosh@company.com";"6095671507";"Ghaziabad";6;"Executive";"2019-07-02";119634.0
278;"Leela";"Sant";"Female";"1997-07-21";"sara47@company.com";"2850675553";"Delhi";6;"Manager";"2024-04-08";57912.0
279;"Ranbir";"Bhat";"Male";"1977-08-07";"charvi60@company.com";"4571560411";"Jaipur";3;"Team Lead";"2018-12-10";107798.0
280;"Gaurang";"Dhillon";"Male";"1980-01-21";"jaitak@company.com";"0990947662";"Ghaziabad";6;"Manager";"2024-09-02";112730.0
281;"Bahadurjit";"Sen";"Male";"1989-03-21";"ytata@company.com";"8419337276";"Jaipur";1;"Intern";"2024-08-23";74207.0
282;"Eshana";"Malhotra";"Female";"1988-04-15";"nirjatata@company.com";"9916315678";"Pune";1;"Senior Executive";"2025-06-19";89508.0
283;"Ansh";"Sanghvi";"Male";"1972-04-25";"dayita23@company.com";"7617100358";"Chandigarh";2;"Associate";"2022-10-18";115812.0
284;"Vamakshi";"Bala";"Female";"1978-06-21";"uwalia@company.com";"3577826128";"Delhi";5;"Senior Executive";"2021-10-04";90217.0
285;"Qasim";"Gara";"Male";"1997-10-26";"dayita84@company.com";"5978523691";"Chandigarh";4;"Senior Executive";"2026-05-05";69497.0
286;"Jagdish";"Tata";"Male";"1978-07-22";"hyogi@company.com";"8447240844";"Delhi";5;"Manager";"2025-04-05";42165.0
287;"David";"Mukhopadhyay";"Male";"1982-09-21";"aashi21@company.com";"5704597205";"Noida";4;"Team Lead";"2024-12-13";30925.0
288;"Kamya";"Kuruvilla";"Female";"1999-09-05";"saransanaya@company.com";"5193903234";"Jaipur";7;"Executive";"2021-02-21";75471.0
289;"Qarin";"Taneja";"Male";"1984-08-08";"khalsaanita@company.com";"2163940018";"Pune";5;"Intern";"2019-05-29";111977.0
290;"Omya";"Devi";"Female";"1994-07-16";"teerth37@company.com";"0923657828";"Bengaluru";3;"Manager";"2020-07-05";74752.0
291;"Umang";"Sanghvi";"Male";"1981-05-09";"parmergaurika@company.com";"7595739054";"Noida";1;"Senior Executive";"2019-03-03";40348.0
292;"Yuvraj";"Yadav";"Male";"1987-02-04";"kapurchaitanya@company.com";"2798518213";"Pune";7;"Manager";"2024-02-13";94683.0
293;"Amol";"Prashad";"Male";"2003-05-16";"avi00@company.com";"2878732928";"Faridabad";5;"Manager";"2024-11-15";31340.0
294;"Elijah";"Ganguly";"Male";"1984-03-16";"bediumang@company.com";"1794306264";"Noida";1;"Team Lead";"2021-04-22";104183.0
295;"Ekta";"Hari";"Female";"2002-08-27";"chaitaly41@company.com";"5119598120";"Chandigarh";1;"Intern";"2025-06-16";97602.0
296;"Om";"Rao";"Male";"1978-05-30";"teerth03@company.com";"7961004350";"Jaipur";7;"Executive";"2021-08-06";89906.0
297;"Jhalak";"Chokshi";"Female";"1986-08-02";"ssane@company.com";"4757961855";"Chandigarh";7;"Intern";"2021-11-17";55656.0
298;"Diya";"Sani";"Female";"1985-06-01";"vrindakuruvilla@company.com";"3844479815";"Delhi";4;"Associate";"2023-02-02";85531.0
299;"Rehaan";"Palan";"Male";"1979-08-15";"qadim56@company.com";"6538295475";"Chandigarh";2;"Intern";"2022-08-10";63423.0
300;"Luke";"Dada";"Male";"2003-08-06";"amrutaborde@company.com";"8393375345";"Delhi";3;"Intern";"2026-04-20";104996.0
301;"Laban";"Rege";"Male";"2002-12-12";"panini98@company.com";"9503874646";"Chandigarh";3;"Executive";"2025-01-23";84787.0
302;"Hiral";"Cheema";"Female";"1999-02-26";"jupadhyay@company.com";"5976808969";"Bengaluru";6;"Senior Executive";"2025-06-29";114455.0
303;"Januja";"Din";"Female";"2001-08-03";"gtata@company.com";"1326494965";"Chandigarh";7;"Executive";"2025-04-10";114031.0
304;"Ekalinga";"Kuruvilla";"Male";"1986-04-17";"avirajan@company.com";"9266357593";"Delhi";2;"Intern";"2021-11-21";96352.0
305;"Ayaan";"Pal";"Male";"1971-06-02";"jagatkaur@company.com";"1503032274";"Lucknow";5;"Senior Executive";"2019-03-09";98206.0
306;"Tarak";"Golla";"Male";"1982-08-24";"arinarya@company.com";"5820949327";"Pune";7;"Associate";"2021-04-07";52401.0
307;"Ishanvi";"Tandon";"Female";"1988-07-21";"basuharita@company.com";"9710098224";"Jaipur";7;"Team Lead";"2023-08-24";84655.0
308;"Ekaja";"Rao";"Female";"1989-08-27";"nirjamadan@company.com";"9372520637";"Chandigarh";3;"Manager";"2019-10-17";95916.0
309;"Pooja";"Gola";"Female";"1986-04-19";"crajan@company.com";"9983343552";"Lucknow";7;"Intern";"2019-12-30";111705.0
310;"Priya";"Krishnamurthy";"Female";"1995-10-12";"boseharish@company.com";"8352224212";"Chandigarh";7;"Team Lead";"2022-09-20";93598.0
311;"Adweta";"Pandya";"Female";"1986-07-26";"adyaedwin@company.com";"9457266583";"Bengaluru";4;"Associate";"2025-11-02";26013.0
312;"Vrishti";"Seth";"Female";"1987-07-24";"borahrajata@company.com";"4211535479";"Bengaluru";7;"Executive";"2022-10-27";112306.0
313;"Xiti";"Chopra";"Female";"1990-02-28";"ikshita83@company.com";"0022604230";"Gurugram";1;"Intern";"2023-08-11";110518.0
314;"Urishilla";"Mani";"Female";"1982-01-06";"triya14@company.com";"2122606036";"Bengaluru";3;"Associate";"2018-11-20";59410.0
315;"Timothy";"Wagle";"Male";"2001-01-14";"reddyabhimanyu@company.com";"5140223156";"Gurugram";6;"Intern";"2026-04-23";38247.0
316;"Utkarsh";"Sant";"Male";"1995-02-28";"fsridhar@company.com";"1803487209";"Delhi";4;"Team Lead";"2024-02-03";49902.0
317;"Joshua";"Mani";"Male";"2004-02-02";"charan93@company.com";"9858648631";"Lucknow";3;"Executive";"2025-01-09";118599.0
318;"Janani";"Ganguly";"Female";"1980-07-29";"qdubey@company.com";"5845367289";"Pune";6;"Intern";"2020-10-21";82727.0
319;"Diya";"Comar";"Female";"2000-10-18";"unni21@company.com";"7869134323";"Pune";1;"Team Lead";"2026-04-19";114618.0
320;"Falan";"Talwar";"Male";"1982-10-30";"ewali@company.com";"2330339180";"Chandigarh";1;"Senior Executive";"2023-07-14";55046.0
321;"Mitali";"Ganesh";"Female";"1978-02-02";"gautammurthy@company.com";"8939050357";"Pune";6;"Manager";"2020-10-18";106346.0
322;"Rushil";"Sarma";"Male";"1976-07-11";"vvenkatesh@company.com";"2994035459";"Gurugram";6;"Executive";"2020-12-10";26487.0
323;"Netra";"Pillay";"Female";"1978-07-05";"gavinhayer@company.com";"5445088227";"Delhi";2;"Intern";"2025-07-14";95716.0
324;"Samesh";"Sarkar";"Male";"1973-07-04";"kumarvinaya@company.com";"7501106365";"Noida";2;"Intern";"2025-08-08";25283.0
325;"Gaurav";"Naidu";"Male";"1974-06-24";"henry42@company.com";"3424635662";"Bengaluru";3;"Associate";"2024-03-27";98699.0
326;"Odika";"Grover";"Female";"1999-04-16";"abha58@company.com";"9986848150";"Jaipur";6;"Associate";"2026-06-21";117688.0
327;"Deepa";"Borra";"Female";"1978-01-08";"vedikasamra@company.com";"8680672112";"Delhi";5;"Executive";"2023-11-24";111899.0
328;"Chandran";"Nagar";"Male";"1987-02-15";"sethiwaida@company.com";"4363069901";"Gurugram";4;"Intern";"2018-08-01";73963.0
329;"Hitesh";"Rama";"Male";"1986-11-04";"samarth16@company.com";"0838520171";"Delhi";6;"Associate";"2018-07-14";31979.0
330;"Baljiwan";"Kapoor";"Male";"1973-05-31";"yashasviuppal@company.com";"7532940923";"Faridabad";6;"Intern";"2019-08-18";107526.0
331;"Ekansh";"Kale";"Male";"1971-05-08";"ekaraj10@company.com";"5649628892";"Noida";7;"Executive";"2025-10-29";53765.0
332;"Jonathan";"Chand";"Male";"1977-01-24";"balhaarmalhotra@company.com";"3515523617";"Ghaziabad";3;"Associate";"2020-11-27";92396.0
333;"Mohammed";"Shroff";"Male";"1972-01-15";"lajitakrishnamurthy@company.com";"7749913446";"Lucknow";5;"Manager";"2023-02-12";44973.0
334;"Chanchal";"Bajwa";"Female";"1986-09-07";"kotagavin@company.com";"5153070272";"Jaipur";4;"Senior Executive";"2025-10-01";66289.0
335;"Manthan";"Sidhu";"Male";"1990-02-15";"ychaudhary@company.com";"2369871746";"Pune";2;"Senior Executive";"2026-04-20";25335.0
336;"Warhi";"Hari";"Female";"1990-04-19";"siyaramaswamy@company.com";"8718180247";"Bengaluru";2;"Manager";"2021-06-17";62494.0
337;"Aarav";"Basu";"Male";"1974-09-24";"jsaxena@company.com";"8915007124";"Pune";4;"Associate";"2024-07-17";27470.0
338;"Irya";"Jani";"Female";"1981-01-22";"ryan53@company.com";"3055672013";"Delhi";7;"Executive";"2021-03-04";38906.0
339;"Indira";"Upadhyay";"Female";"2001-05-26";"vdash@company.com";"8966576711";"Delhi";7;"Manager";"2023-01-29";81401.0
340;"Harinakshi";"Pingle";"Female";"1998-09-25";"quincyprashad@company.com";"4582817272";"Gurugram";5;"Senior Executive";"2024-05-24";104264.0
341;"Wridesh";"Mahajan";"Male";"1998-06-05";"hardik11@company.com";"7186882822";"Bengaluru";6;"Manager";"2022-09-23";114254.0
342;"Pushti";"Chopra";"Female";"1982-10-29";"sanghagirindra@company.com";"0353756734";"Delhi";5;"Associate";"2021-03-30";71491.0
343;"Dalaja";"Dube";"Female";"1987-07-28";"goyalmanya@company.com";"3702833518";"Jaipur";1;"Senior Executive";"2025-02-10";101495.0
344;"Sarthak";"Rout";"Male";"1996-09-03";"lbumb@company.com";"8857615569";"Ghaziabad";4;"Associate";"2025-07-03";73659.0
345;"Inaya";"Char";"Female";"1991-02-01";"ldoctor@company.com";"3719374499";"Faridabad";7;"Executive";"2024-12-25";60594.0
346;"Unnati";"Kaul";"Female";"1994-01-07";"kakarhardik@company.com";"3930174071";"Gurugram";7;"Team Lead";"2019-09-04";110989.0
347;"Yatin";"Nath";"Male";"1989-09-10";"wridesh50@company.com";"8941097463";"Noida";4;"Manager";"2024-03-24";100826.0
348;"Unni";"Sur";"Female";"1972-09-17";"fsankar@company.com";"9810595939";"Jaipur";4;"Associate";"2022-04-28";107460.0
349;"Wahab";"Sur";"Male";"1981-10-31";"waliindrajit@company.com";"9069788663";"Pune";4;"Associate";"2021-05-13";89184.0
350;"Aradhana";"Sampath";"Female";"1984-09-20";"varenyaloyal@company.com";"9965745820";"Bengaluru";4;"Team Lead";"2026-03-26";29172.0
351;"Owen";"Narang";"Male";"1977-10-30";"vinayaramachandran@company.com";"0260778805";"Gurugram";2;"Team Lead";"2021-10-08";48891.0
352;"George";"Lalla";"Male";"1978-02-27";"saisaraf@company.com";"4900026887";"Gurugram";1;"Team Lead";"2018-10-22";82216.0
353;"Darika";"Lad";"Female";"2002-12-09";"vminhas@company.com";"9568948546";"Chandigarh";2;"Manager";"2023-05-28";89915.0
354;"Neel";"Kannan";"Male";"1989-05-17";"girishgarde@company.com";"8221428686";"Noida";7;"Associate";"2019-02-15";90620.0
355;"Anjali";"Memon";"Female";"2003-08-12";"ranbirkumar@company.com";"7444014365";"Faridabad";1;"Executive";"2026-01-15";87425.0
356;"Abhimanyu";"Konda";"Male";"2004-10-08";"rsidhu@company.com";"7698725788";"Pune";7;"Executive";"2023-07-21";97998.0
357;"Kashish";"Pillay";"Female";"1974-06-30";"champak94@company.com";"8787373265";"Chandigarh";4;"Intern";"2025-01-02";88807.0
358;"Nirja";"Sha";"Female";"2004-04-16";"ypalla@company.com";"7323487537";"Delhi";3;"Executive";"2026-04-29";93493.0
359;"Daksh";"Sagar";"Male";"1971-10-20";"dtata@company.com";"2136792046";"Delhi";1;"Executive";"2024-05-27";35286.0
360;"Azaan";"Char";"Male";"2002-08-13";"mitalithaker@company.com";"3447863071";"Bengaluru";3;"Intern";"2024-03-31";27349.0
361;"Oeshi";"Khosla";"Female";"1974-08-12";"raksha55@company.com";"9541841605";"Bengaluru";6;"Senior Executive";"2021-04-12";63731.0
362;"Pranit";"Pandya";"Male";"1995-02-09";"ymody@company.com";"5046875906";"Ghaziabad";7;"Team Lead";"2018-10-20";119164.0
363;"Abdul";"Korpal";"Male";"1995-12-11";"jpuri@company.com";"6335465644";"Lucknow";3;"Team Lead";"2025-01-11";65629.0
364;"Ikshita";"Badami";"Female";"1993-11-09";"kalpit15@company.com";"1176018217";"Jaipur";3;"Executive";"2024-11-15";101476.0
365;"Veda";"Kota";"Female";"1974-06-07";"frado21@company.com";"8342677552";"Delhi";3;"Executive";"2023-06-19";119701.0
366;"Madhav";"Pingle";"Male";"1982-02-04";"jdar@company.com";"5099115549";"Bengaluru";5;"Executive";"2019-01-09";83126.0
367;"Aayush";"Varghese";"Male";"1972-09-25";"kondakala@company.com";"5496705574";"Pune";7;"Senior Executive";"2019-10-15";109389.0
368;"Wakeeta";"Sastry";"Female";"1998-10-09";"chandrandamyanti@company.com";"6406743824";"Faridabad";4;"Senior Executive";"2023-07-15";92749.0
369;"Abdul";"Iyengar";"Male";"1984-12-27";"doctornaksh@company.com";"8537834524";"Chandigarh";3;"Executive";"2021-02-06";42360.0
370;"Adweta";"Guha";"Female";"1986-05-20";"aarini58@company.com";"1270085032";"Jaipur";4;"Team Lead";"2022-06-20";63843.0
371;"Azaan";"Bala";"Male";"1998-12-04";"yohannangirindra@company.com";"1314683225";"Faridabad";3;"Intern";"2020-04-04";85156.0
372;"Mahika";"Vora";"Female";"1991-03-23";"nathan71@company.com";"8599994494";"Pune";7;"Senior Executive";"2020-06-16";92307.0
373;"Samesh";"Tak";"Male";"2000-09-16";"banerjeeaditya@company.com";"8222059223";"Lucknow";1;"Associate";"2025-09-20";62732.0
374;"Luke";"Mahajan";"Male";"1998-02-15";"sherejack@company.com";"7295878143";"Jaipur";6;"Executive";"2020-03-12";61783.0
375;"Shivani";"Choudhury";"Female";"1997-09-06";"oni60@company.com";"7725060099";"Pune";1;"Senior Executive";"2021-04-27";73785.0
376;"Qarin";"Kashyap";"Male";"1992-11-29";"matthew12@company.com";"5155107818";"Pune";3;"Associate";"2024-05-09";92391.0
377;"Urmi";"Vaidya";"Female";"1983-05-15";"gyadav@company.com";"2717394613";"Pune";5;"Executive";"2019-12-27";63449.0
378;"Timothy";"Mohanty";"Male";"1989-06-15";"zashil98@company.com";"8398981621";"Pune";3;"Executive";"2026-04-06";115304.0
379;"Kavya";"Mani";"Female";"2004-04-13";"meghanaseshadri@company.com";"4682177822";"Delhi";5;"Manager";"2024-08-26";90420.0
380;"Odika";"Mall";"Female";"1982-12-04";"alkasharaf@company.com";"6246875584";"Ghaziabad";5;"Manager";"2022-01-27";119557.0
381;"Isaiah";"Oommen";"Male";"2002-05-23";"rameshhema@company.com";"2443183433";"Ghaziabad";4;"Intern";"2021-03-28";114933.0
382;"Ekantika";"Cheema";"Female";"1980-04-17";"dhruv20@company.com";"5358847181";"Delhi";6;"Team Lead";"2022-12-11";111954.0
383;"Omaja";"Dani";"Female";"1982-09-10";"lchadha@company.com";"9216997656";"Pune";1;"Senior Executive";"2019-08-05";38270.0
384;"Rushil";"Parikh";"Male";"2003-03-30";"ladabhimanyu@company.com";"5533984966";"Noida";3;"Executive";"2021-06-13";27724.0
385;"Bhavna";"Choudhry";"Female";"1982-08-04";"khoslayug@company.com";"7179437660";"Lucknow";6;"Executive";"2025-09-26";67078.0
386;"Upkaar";"Rege";"Male";"1973-08-25";"jagvibuch@company.com";"9371617185";"Faridabad";7;"Associate";"2025-01-28";113088.0
387;"William";"Mittal";"Male";"2000-01-13";"bhatiapranit@company.com";"4320526941";"Chandigarh";7;"Team Lead";"2022-10-19";94533.0
388;"Chaitanya";"Keer";"Male";"1979-10-27";"baghyawatisundaram@company.com";"0349734906";"Chandigarh";2;"Manager";"2023-02-15";99011.0
389;"Ekbal";"Rattan";"Male";"1998-07-29";"ayushman33@company.com";"2138847980";"Chandigarh";7;"Associate";"2025-01-19";66409.0
390;"Sanya";"Modi";"Female";"1987-03-05";"amairasastry@company.com";"4510732515";"Noida";1;"Associate";"2020-09-12";68951.0
391;"Udyati";"Sangha";"Female";"1970-07-19";"maanav42@company.com";"1292112436";"Faridabad";2;"Senior Executive";"2024-06-22";25755.0
392;"Siya";"Shere";"Female";"1999-06-06";"pallavi08@company.com";"0669517742";"Delhi";4;"Executive";"2021-02-23";31779.0
393;"Aachal";"Issac";"Female";"1992-09-25";"samaksh17@company.com";"8604357367";"Bengaluru";2;"Associate";"2026-06-20";73829.0
394;"Xavier";"Randhawa";"Male";"1971-07-01";"vincentkalita@company.com";"0486254147";"Bengaluru";7;"Executive";"2024-09-26";106738.0
395;"Gunbir";"Thaman";"Male";"1998-04-07";"psehgal@company.com";"2148304410";"Delhi";6;"Manager";"2021-03-16";43626.0
396;"Rehaan";"Warrior";"Male";"1992-02-09";"jbasak@company.com";"1406402100";"Chandigarh";2;"Team Lead";"2023-11-04";101262.0
397;"Vedant";"Bandi";"Male";"1991-02-26";"soodmanan@company.com";"8426586410";"Chandigarh";1;"Manager";"2021-10-09";53833.0
398;"Girik";"Mangal";"Male";"1987-11-29";"ztella@company.com";"3233992389";"Faridabad";5;"Intern";"2018-11-25";29114.0
399;"Deepa";"Ramanathan";"Female";"1983-04-03";"jradhakrishnan@company.com";"6083359040";"Faridabad";4;"Manager";"2018-08-11";64737.0
400;"Ekbal";"Dhar";"Male";"1984-11-29";"lallforum@company.com";"5318989740";"Lucknow";4;"Intern";"2021-02-16";100535.0
401;"Tanay";"Om";"Male";"1988-03-14";"ravelqabil@company.com";"4141391686";"Pune";6;"Manager";"2024-04-18";100024.0
402;"Luke";"Walla";"Male";"1983-10-12";"pushtibhavsar@company.com";"7209357308";"Jaipur";6;"Associate";"2025-06-22";60803.0
403;"Manya";"Bera";"Female";"1982-12-22";"max31@company.com";"7617209536";"Gurugram";5;"Executive";"2026-04-19";60728.0
404;"Advaith";"Reddy";"Male";"2004-03-05";"srivastavavritti@company.com";"3802275091";"Chandigarh";5;"Senior Executive";"2021-07-23";114086.0
405;"Sudiksha";"Toor";"Female";"1974-06-24";"chandadominic@company.com";"3667978670";"Pune";3;"Intern";"2025-02-04";99301.0
406;"Wyatt";"Barman";"Male";"1973-03-27";"vedant49@company.com";"8533366230";"Bengaluru";7;"Associate";"2023-03-17";48963.0
407;"Anay";"Srinivasan";"Male";"1987-09-13";"apteharinakshi@company.com";"7242489414";"Lucknow";3;"Team Lead";"2026-04-22";32681.0
408;"Harrison";"Sekhon";"Male";"1980-10-11";"ranganathanyachana@company.com";"6669993857";"Noida";6;"Team Lead";"2018-09-09";91363.0
409;"Saumya";"Vaidya";"Female";"1978-01-17";"tamannamand@company.com";"1225986736";"Jaipur";5;"Manager";"2019-06-29";68442.0
410;"Inaya";"Hayer";"Female";"1998-12-29";"poak@company.com";"9870544697";"Bengaluru";6;"Manager";"2022-12-07";50818.0
411;"Warinder";"Misra";"Male";"1978-11-22";"pratyush37@company.com";"3975261330";"Jaipur";2;"Executive";"2018-07-26";114552.0
412;"Irya";"Sant";"Female";"1989-09-10";"lila91@company.com";"5256817877";"Lucknow";7;"Senior Executive";"2026-04-06";42367.0
413;"Advaith";"Rattan";"Male";"1997-09-14";"nathaniel30@company.com";"3397355359";"Gurugram";3;"Team Lead";"2022-04-13";100760.0
414;"Rachita";"Madan";"Female";"1994-08-30";"deshmukhadvik@company.com";"3895128302";"Faridabad";5;"Associate";"2022-03-24";75618.0
415;"Edhitha";"Mutti";"Female";"1999-06-13";"babudarsh@company.com";"7569418830";"Jaipur";5;"Senior Executive";"2023-03-25";108505.0
416;"Nihal";"Madan";"Male";"1975-01-28";"bhattosha@company.com";"1577410017";"Faridabad";4;"Senior Executive";"2020-04-23";99288.0
417;"Ishanvi";"Dhingra";"Female";"1979-11-04";"bavaavi@company.com";"4476238361";"Noida";7;"Senior Executive";"2024-06-14";45468.0
418;"Charvi";"Varkey";"Female";"1976-10-11";"ijaya93@company.com";"8411457421";"Ghaziabad";6;"Executive";"2018-08-09";115441.0
419;"Bhavani";"Sur";"Female";"1995-01-17";"butalagagan@company.com";"1454482224";"Jaipur";3;"Team Lead";"2019-11-07";34980.0
420;"Vedika";"Arora";"Female";"2003-03-10";"girik67@company.com";"5008936447";"Bengaluru";3;"Manager";"2024-01-05";46283.0
421;"Shivani";"Bora";"Female";"1986-07-04";"lbail@company.com";"9166939672";"Gurugram";6;"Associate";"2023-05-27";107828.0
422;"Azad";"Pillay";"Male";"1999-07-22";"deshmukhdalaja@company.com";"3794181100";"Delhi";1;"Associate";"2020-02-06";84349.0
423;"Frado";"Balay";"Male";"2005-03-26";"bhavna13@company.com";"4071323926";"Noida";3;"Intern";"2022-12-25";76974.0
424;"Pahal";"Rama";"Female";"1973-09-17";"chatreshsethi@company.com";"2660292240";"Gurugram";5;"Senior Executive";"2024-09-08";107818.0
425;"Leena";"Rana";"Female";"1992-09-24";"kallabhavani@company.com";"9180317074";"Gurugram";6;"Team Lead";"2025-06-12";85778.0
426;"Onkar";"Lanka";"Male";"1996-08-12";"esankaran@company.com";"4174920632";"Chandigarh";3;"Manager";"2024-04-10";117575.0
427;"Ijaya";"Shan";"Female";"1981-08-27";"kumernicholas@company.com";"5703053044";"Lucknow";3;"Team Lead";"2021-11-28";94140.0
428;"Anvi";"Rajan";"Female";"1995-06-08";"bishakhasidhu@company.com";"2892885485";"Ghaziabad";2;"Executive";"2022-12-11";81783.0
429;"Krishna";"Tiwari";"Male";"1981-04-04";"laban54@company.com";"7600893463";"Bengaluru";7;"Associate";"2020-10-25";63146.0
430;"Zansi";"Kumer";"Female";"1993-08-23";"wacharya@company.com";"1267218587";"Gurugram";7;"Associate";"2022-05-12";105342.0
431;"Meghana";"Mani";"Female";"1979-03-12";"dakshesh35@company.com";"3878283053";"Chandigarh";1;"Manager";"2018-09-18";112166.0
432;"Veda";"Apte";"Female";"1977-04-26";"udyatisha@company.com";"4643445034";"Faridabad";1;"Manager";"2021-07-03";84140.0
433;"Samuel";"Agarwal";"Male";"1997-09-16";"vritti89@company.com";"2076598505";"Delhi";2;"Manager";"2022-03-23";86975.0
434;"Yoshita";"Karan";"Female";"2000-08-04";"kothariekani@company.com";"6839646676";"Bengaluru";7;"Senior Executive";"2026-04-15";96370.0
435;"Kritika";"Pillai";"Female";"1987-12-29";"qchacko@company.com";"2598975113";"Noida";4;"Senior Executive";"2022-09-24";53681.0
436;"Rohan";"Vala";"Male";"1994-03-14";"priyamani@company.com";"1272336237";"Gurugram";2;"Team Lead";"2023-12-15";59980.0
437;"Faqid";"Cherian";"Male";"1983-06-01";"mitalikbal@company.com";"0463158518";"Gurugram";6;"Team Lead";"2022-01-10";48327.0
438;"Priya";"Keer";"Female";"1981-02-02";"praneel45@company.com";"0201914538";"Jaipur";2;"Senior Executive";"2020-04-17";43074.0
439;"Charvi";"Bahl";"Female";"1995-06-26";"lilagole@company.com";"7179060573";"Chandigarh";7;"Senior Executive";"2024-04-26";80868.0
440;"Radhika";"Contractor";"Female";"1979-04-08";"smandal@company.com";"6992994132";"Noida";7;"Executive";"2022-08-08";85412.0
441;"Kashvi";"Ray";"Female";"1994-05-24";"hayretristan@company.com";"4292333268";"Bengaluru";5;"Team Lead";"2022-05-25";80813.0
442;"Adweta";"Jain";"Female";"1996-05-16";"aadhyakala@company.com";"8400437760";"Ghaziabad";4;"Intern";"2022-08-29";45929.0
443;"Henry";"Rajagopal";"Male";"1987-04-05";"ebal@company.com";"4614799962";"Gurugram";4;"Executive";"2025-08-15";99449.0
444;"Balveer";"Gour";"Male";"2001-07-09";"bdyal@company.com";"9164952398";"Faridabad";7;"Senior Executive";"2019-12-11";51226.0
445;"Rishi";"Parmer";"Male";"1990-04-29";"srinivasanoliver@company.com";"5868144590";"Delhi";7;"Senior Executive";"2025-06-09";27704.0
446;"Jackson";"Rattan";"Male";"1971-03-24";"bailyachana@company.com";"0922289837";"Gurugram";5;"Executive";"2023-07-29";80454.0
447;"Bahadurjit";"Muni";"Male";"2000-05-25";"ugill@company.com";"2428938462";"Lucknow";2;"Senior Executive";"2022-05-17";48994.0
448;"Saanvi";"Gopal";"Female";"1974-05-11";"dchawla@company.com";"1304243393";"Ghaziabad";3;"Senior Executive";"2019-06-12";94605.0
449;"Anjali";"More";"Female";"1986-02-19";"phayre@company.com";"5028070913";"Lucknow";3;"Senior Executive";"2019-05-12";46023.0
450;"Ryan";"Mutti";"Male";"1974-07-05";"advikrout@company.com";"0399263627";"Delhi";1;"Associate";"2020-12-20";107967.0
451;"Kamala";"Apte";"Female";"1974-04-04";"mammenfitan@company.com";"0413002157";"Pune";3;"Executive";"2022-07-04";79862.0
452;"Aadi";"Dash";"Male";"1971-12-18";"inayachatterjee@company.com";"3969210792";"Bengaluru";6;"Senior Executive";"2021-12-23";38603.0
453;"Harini";"Chandra";"Female";"1981-02-06";"hkhurana@company.com";"0145551298";"Delhi";7;"Intern";"2025-08-29";110787.0
454;"Wazir";"Mangal";"Male";"1997-06-30";"bina67@company.com";"3731233101";"Faridabad";2;"Manager";"2020-10-27";30603.0
455;"Rushil";"Mangal";"Male";"1999-10-16";"rohankara@company.com";"3088349558";"Pune";6;"Team Lead";"2018-12-27";49275.0
456;"Joshua";"Sahni";"Male";"1973-07-11";"mtiwari@company.com";"9281403776";"Jaipur";1;"Senior Executive";"2025-03-26";105074.0
457;"Jason";"Varghese";"Male";"1972-10-01";"priyasahota@company.com";"6998122484";"Bengaluru";5;"Associate";"2024-02-20";89810.0
458;"Falak";"Tripathi";"Female";"2001-05-30";"lbhargava@company.com";"4584395399";"Lucknow";2;"Team Lead";"2019-07-05";58221.0
459;"Pavani";"Pal";"Female";"1990-02-20";"bhavika35@company.com";"5359265533";"Gurugram";7;"Team Lead";"2018-06-30";73109.0
460;"Yahvi";"Khurana";"Female";"1994-05-26";"ckala@company.com";"8036622054";"Bengaluru";1;"Intern";"2021-07-05";79898.0
461;"Ishita";"Mannan";"Female";"1995-12-13";"jhalak51@company.com";"2038644517";"Ghaziabad";3;"Associate";"2019-03-02";75310.0
462;"Lavanya";"Karnik";"Female";"1995-01-27";"reddydayamai@company.com";"5057539793";"Lucknow";1;"Manager";"2025-12-07";70728.0
463;"Neel";"Prabhu";"Male";"1975-12-19";"yatan97@company.com";"2912943048";"Ghaziabad";1;"Senior Executive";"2019-10-10";70548.0
464;"Triveni";"Choudhary";"Female";"1984-10-20";"hyohannan@company.com";"5775645867";"Lucknow";3;"Associate";"2023-03-04";119712.0
465;"Zashil";"Wadhwa";"Male";"1984-09-29";"haririya@company.com";"3684248537";"Bengaluru";7;"Associate";"2019-09-03";36619.0
466;"Nidra";"Chaudhari";"Female";"1987-02-03";"harita84@company.com";"2841183333";"Lucknow";5;"Intern";"2020-08-01";93729.0
467;"Urvashi";"Bhandari";"Female";"1977-12-23";"dateaayush@company.com";"5729674292";"Pune";5;"Associate";"2018-10-01";45263.0
468;"Samesh";"Chaudhari";"Male";"1979-08-07";"chadazansi@company.com";"0965702340";"Pune";3;"Associate";"2019-01-06";84615.0
469;"Imaran";"Chaudhry";"Male";"1985-06-28";"falgunichoudhary@company.com";"0185848661";"Bengaluru";7;"Senior Executive";"2020-03-11";81143.0
470;"Gautami";"Patil";"Female";"2004-06-12";"harita96@company.com";"1547375881";"Delhi";3;"Senior Executive";"2022-03-24";84619.0
471;"Jackson";"Singhal";"Male";"1999-08-22";"tailorharsh@company.com";"0409779688";"Noida";3;"Team Lead";"2024-07-15";116541.0
472;"Chatura";"Thakkar";"Male";"1990-06-06";"rchand@company.com";"0741482872";"Lucknow";1;"Intern";"2020-03-18";27415.0
473;"Kashvi";"Manne";"Female";"1987-11-02";"srai@company.com";"0704369462";"Jaipur";1;"Manager";"2025-03-02";29791.0
474;"Harita";"Mistry";"Female";"1986-12-03";"saggarwal@company.com";"1402940359";"Ghaziabad";7;"Executive";"2020-02-08";50853.0
475;"Darsh";"Jayaraman";"Male";"1977-08-08";"lakshit75@company.com";"8837869884";"Bengaluru";3;"Senior Executive";"2025-09-27";94155.0
476;"Harita";"Ramaswamy";"Female";"1981-02-22";"asaini@company.com";"4721327602";"Faridabad";1;"Associate";"2018-09-09";104778.0
477;"Banjeet";"Bajwa";"Male";"1976-01-06";"ishita52@company.com";"4469848572";"Chandigarh";2;"Manager";"2021-09-01";102320.0
478;"Utkarsh";"Karan";"Male";"1977-08-31";"jatin43@company.com";"0029683707";"Delhi";4;"Associate";"2022-09-28";31457.0
479;"Chanchal";"Puri";"Female";"1982-12-13";"elijah13@company.com";"0514969909";"Delhi";7;"Associate";"2023-04-16";117427.0
480;"Vihaan";"Boase";"Male";"1981-10-25";"sbhavsar@company.com";"2685882560";"Delhi";2;"Intern";"2025-09-04";113596.0
481;"Krishna";"Mishra";"Male";"2000-07-18";"azaan67@company.com";"4354975691";"Bengaluru";7;"Team Lead";"2020-02-24";109074.0
482;"Ekiya";"Pal";"Female";"1992-06-06";"dakshesh20@company.com";"4827155785";"Faridabad";7;"Associate";"2020-03-31";96421.0
483;"Wakeeta";"Kumar";"Female";"1993-03-19";"varsha20@company.com";"2867234423";"Ghaziabad";6;"Executive";"2025-08-02";63512.0
484;"Dhruv";"Basu";"Male";"1979-03-22";"eshana10@company.com";"2115573052";"Faridabad";1;"Manager";"2021-09-23";34777.0
485;"Udarsh";"Konda";"Male";"1996-11-22";"wkari@company.com";"1796037961";"Bengaluru";7;"Senior Executive";"2024-05-19";112112.0
486;"Yatin";"Bhatt";"Male";"1989-02-12";"girik11@company.com";"4592774049";"Pune";5;"Team Lead";"2026-04-27";41807.0
487;"Sanaya";"Anand";"Female";"2000-02-21";"ryankakar@company.com";"8123461142";"Lucknow";4;"Manager";"2024-12-03";71100.0
488;"Kavya";"Joshi";"Female";"1987-09-17";"hemalbahl@company.com";"1608194596";"Gurugram";4;"Team Lead";"2020-11-21";48625.0
489;"Meghana";"Choudhry";"Female";"1990-02-05";"wridesh70@company.com";"9631703938";"Delhi";7;"Team Lead";"2020-10-10";80050.0
490;"Balvan";"D’Alia";"Male";"2003-10-01";"wganguly@company.com";"8839234005";"Delhi";2;"Manager";"2019-03-27";60542.0
491;"Yashodhara";"Doshi";"Female";"1985-01-02";"naksh22@company.com";"0278269091";"Gurugram";4;"Executive";"2019-04-26";38281.0
492;"Xiti";"Arora";"Female";"1996-08-28";"xgola@company.com";"7868446336";"Noida";3;"Executive";"2026-01-03";26051.0
493;"Akshay";"Goyal";"Male";"1994-01-01";"jprabhu@company.com";"8278252861";"Ghaziabad";2;"Senior Executive";"2021-09-02";85101.0
494;"Lakshmi";"Varughese";"Female";"1978-10-27";"veda63@company.com";"7968760971";"Chandigarh";5;"Intern";"2025-04-22";42655.0
495;"Mekhala";"Ray";"Female";"1999-01-05";"owen15@company.com";"7446295492";"Jaipur";6;"Manager";"2025-08-30";38832.0
496;"Viraj";"Gokhale";"Male";"1981-12-22";"ramaditya@company.com";"8875876377";"Ghaziabad";1;"Executive";"2024-02-10";44520.0
497;"Aachal";"Tiwari";"Female";"1998-04-13";"tamannagarg@company.com";"3419716693";"Pune";3;"Executive";"2019-05-25";26207.0
498;"Bakhshi";"Bora";"Male";"1973-11-01";"zachariasathvik@company.com";"1097707926";"Faridabad";4;"Executive";"2022-07-10";43050.0
499;"Wazir";"Lalla";"Male";"1986-05-04";"tara98@company.com";"2970498368";"Jaipur";3;"Manager";"2024-10-08";95366.0
500;"Pahal";"Chana";"Female";"2002-10-27";"vchaudry@company.com";"5568219297";"Noida";3;"Executive";"2025-12-31";92451.0
