"LeaveID";"EmployeeID";"LeaveType";"StartDate";"EndDate";"Reason";"ApprovalStatus"
1;455;"Paid";"2025-02-14";"2025-02-16";"Libero aperiam sint repellat.";"Approved"
2;274;"Paid";"2025-11-24";"2025-11-26";"Unde quae enim labore temporibus at dolorum consectetur.";"Approved"
3;78;"Emergency";"2025-11-16";"2025-11-17";"Ex enim error deleniti nobis.";"Approved"
4;239;"Casual";"2025-07-06";"2025-07-08";"Maiores saepe eos enim cupiditate.";"Approved"
5;117;"Paid";"2025-09-11";"2025-09-12";"Atque provident itaque magnam odit fugiat.";"Approved"
6;439;"Casual";"2025-08-19";"2025-08-21";"Assumenda cupiditate nemo ratione beatae.";"Rejected"
7;230;"Paid";"2025-06-09";"2025-06-12";"Accusantium quae vitae beatae.";"Rejected"
8;477;"Paid";"2025-09-01";"2025-09-03";"Sapiente nostrum veniam sint eaque.";"Approved"
9;15;"Emergency";"2025-09-27";"2025-10-01";"Delectus cumque praesentium itaque sapiente officia eaque.";"Approved"
10;60;"Paid";"2025-07-27";"2025-07-31";"Eos ex ipsam qui.";"Approved"
11;461;"Sick";"2025-07-29";"2025-08-03";"Numquam aut repellendus voluptatem nam ipsam.";"Rejected"
12;275;"Paid";"2025-10-05";"2025-10-10";"Exercitationem id suscipit tempore ducimus reprehenderit dolores.";"Approved"
13;461;"Sick";"2025-08-28";"2025-08-29";"Necessitatibus corporis blanditiis at praesentium.";"Approved"
14;111;"Paid";"2025-05-11";"2025-05-12";"Blanditiis voluptate tempora et repudiandae sit.";"Approved"
15;130;"Emergency";"2025-06-07";"2025-06-09";"Reiciendis eos repellat ullam sit.";"Approved"
16;263;"Paid";"2025-07-13";"2025-07-17";"Pariatur maiores ab consectetur.";"Approved"
17;83;"Paid";"2025-02-27";"2025-03-02";"Iure officiis cupiditate non velit.";"Approved"
18;47;"Emergency";"2025-02-07";"2025-02-09";"Nostrum perferendis vitae ducimus voluptas aliquam.";"Approved"
19;410;"Casual";"2025-11-05";"2025-11-08";"Quam autem laboriosam sequi.";"Approved"
20;85;"Sick";"2025-06-04";"2025-06-08";"Praesentium deleniti cumque perferendis accusantium optio quis repudiandae.";"Approved"
21;436;"Casual";"2025-06-04";"2025-06-06";"Veritatis quisquam cum velit dolorem fuga.";"Approved"
22;172;"Casual";"2025-01-19";"2025-01-23";"Totam quasi quis.";"Approved"
23;30;"Paid";"2025-04-01";"2025-04-06";"Laborum illum recusandae quod error debitis.";"Pending"
24;350;"Sick";"2025-02-02";"2025-02-05";"Aperiam vel sequi alias.";"Approved"
25;383;"Emergency";"2025-09-27";"2025-09-28";"Sapiente nihil ducimus.";"Approved"
26;281;"Emergency";"2025-04-13";"2025-04-17";"Minima maxime sapiente officiis vero ipsam nemo.";"Approved"
27;1;"Emergency";"2025-02-12";"2025-02-13";"Sunt deserunt voluptate officia deleniti.";"Rejected"
28;485;"Casual";"2025-12-18";"2025-12-19";"Quibusdam totam cupiditate.";"Approved"
29;458;"Casual";"2025-11-17";"2025-11-18";"Voluptatum libero quibusdam iure vel fuga.";"Approved"
30;471;"Sick";"2025-03-09";"2025-03-12";"Deserunt reiciendis dolor cumque.";"Approved"
31;232;"Sick";"2025-11-21";"2025-11-25";"Ad a quia consectetur hic.";"Approved"
32;3;"Sick";"2025-03-22";"2025-03-24";"Ipsam voluptatem corporis iusto nihil.";"Approved"
33;422;"Emergency";"2025-07-08";"2025-07-12";"Eligendi dolores quod placeat.";"Approved"
34;135;"Paid";"2025-06-19";"2025-06-23";"Iure iste quo quaerat optio nihil maxime.";"Pending"
35;145;"Casual";"2025-06-08";"2025-06-11";"Ab tempora possimus distinctio vero.";"Approved"
36;398;"Sick";"2025-06-19";"2025-06-22";"In nihil maxime libero similique distinctio.";"Approved"
37;282;"Paid";"2025-10-07";"2025-10-11";"Alias voluptate deleniti cupiditate adipisci alias.";"Pending"
38;309;"Sick";"2025-09-22";"2025-09-26";"Dolor ipsa illo quibusdam aut.";"Approved"
39;95;"Emergency";"2025-04-14";"2025-04-16";"Omnis minus vel sint totam.";"Approved"
40;460;"Emergency";"2025-05-02";"2025-05-05";"Repellat quidem nulla.";"Approved"
41;167;"Paid";"2025-08-27";"2025-09-01";"Molestias dolore nisi quaerat ipsam fuga excepturi.";"Approved"
42;298;"Sick";"2025-06-25";"2025-06-28";"Temporibus a nostrum sit ut recusandae maiores at.";"Approved"
43;255;"Paid";"2025-11-09";"2025-11-13";"Accusamus blanditiis blanditiis velit.";"Approved"
44;342;"Paid";"2025-05-18";"2025-05-21";"Deserunt molestiae praesentium natus eaque dolorum.";"Approved"
45;199;"Sick";"2025-06-12";"2025-06-16";"Eius perspiciatis blanditiis.";"Approved"
46;136;"Paid";"2025-02-05";"2025-02-09";"Expedita nesciunt est assumenda beatae eveniet.";"Rejected"
47;183;"Sick";"2025-09-24";"2025-09-26";"Modi nihil sequi corporis ducimus fugiat et.";"Pending"
48;70;"Casual";"2025-10-22";"2025-10-27";"Facere temporibus a quia inventore doloremque corrupti.";"Approved"
49;186;"Sick";"2025-03-05";"2025-03-08";"Impedit beatae nulla quas aut.";"Approved"
50;302;"Emergency";"2025-08-29";"2025-09-01";"Vel iusto earum.";"Approved"
51;288;"Emergency";"2025-11-21";"2025-11-23";"Fugit qui fugiat esse perspiciatis ab nulla.";"Approved"
52;265;"Sick";"2025-01-02";"2025-01-03";"Iste animi nobis.";"Approved"
53;249;"Casual";"2025-09-25";"2025-09-27";"Mollitia asperiores corporis quibusdam repellat minus doloremque.";"Approved"
54;62;"Casual";"2025-10-01";"2025-10-03";"Est quidem incidunt quas at dolor.";"Approved"
55;321;"Emergency";"2025-11-23";"2025-11-25";"Recusandae impedit vel neque exercitationem.";"Approved"
56;289;"Emergency";"2025-04-28";"2025-05-03";"Nesciunt numquam soluta impedit illo qui molestiae.";"Approved"
57;276;"Emergency";"2025-10-26";"2025-10-31";"Occaecati repudiandae maiores aut non impedit voluptate dolore.";"Approved"
58;20;"Casual";"2025-02-12";"2025-02-15";"Veniam quod beatae magnam odit.";"Rejected"
59;105;"Casual";"2025-11-28";"2025-11-30";"Explicabo delectus illum dignissimos nam.";"Approved"
60;95;"Paid";"2025-08-05";"2025-08-10";"Rem necessitatibus deserunt iste optio.";"Approved"
61;387;"Emergency";"2025-09-11";"2025-09-14";"Sunt voluptatem rerum sit.";"Rejected"
62;64;"Emergency";"2025-07-24";"2025-07-25";"Velit eveniet sunt aperiam praesentium culpa necessitatibus enim.";"Approved"
63;378;"Emergency";"2025-12-02";"2025-12-05";"Nobis error omnis porro magni accusantium.";"Approved"
64;274;"Paid";"2025-02-22";"2025-02-23";"Dolores qui natus consequatur ipsa distinctio quidem.";"Pending"
65;116;"Casual";"2025-03-16";"2025-03-17";"Nam quaerat consequatur porro.";"Approved"
66;289;"Paid";"2025-02-12";"2025-02-15";"Molestiae dicta sint nisi architecto.";"Rejected"
67;115;"Sick";"2025-11-13";"2025-11-17";"Similique debitis quidem.";"Approved"
68;285;"Casual";"2025-06-13";"2025-06-17";"Illum maxime alias atque voluptas.";"Approved"
69;78;"Casual";"2025-10-07";"2025-10-12";"Sapiente quibusdam quia quia.";"Approved"
70;362;"Emergency";"2025-03-19";"2025-03-24";"Quibusdam odio explicabo alias voluptatibus.";"Approved"
71;255;"Emergency";"2025-08-17";"2025-08-22";"Minus soluta hic vitae dolorum nesciunt illo.";"Pending"
72;462;"Paid";"2025-06-16";"2025-06-18";"Quaerat odit veritatis similique sunt.";"Rejected"
73;76;"Sick";"2025-10-20";"2025-10-24";"Perspiciatis totam inventore quidem consequatur impedit alias.";"Approved"
74;448;"Paid";"2025-01-25";"2025-01-28";"Mollitia iste molestias aut temporibus modi.";"Approved"
75;336;"Paid";"2025-04-17";"2025-04-22";"Inventore reprehenderit fugit rerum quas laboriosam quisquam.";"Approved"
76;102;"Sick";"2025-02-27";"2025-03-03";"Blanditiis non facere officia nemo culpa enim.";"Approved"
77;324;"Paid";"2025-08-03";"2025-08-08";"Id inventore fuga alias deserunt.";"Approved"
78;150;"Emergency";"2025-01-03";"2025-01-06";"Saepe dolorem aspernatur.";"Approved"
79;379;"Sick";"2025-01-20";"2025-01-23";"Amet ea illum iusto est nihil.";"Approved"
80;423;"Sick";"2025-08-09";"2025-08-10";"Maiores asperiores similique cupiditate odio cumque.";"Pending"
81;280;"Emergency";"2025-03-11";"2025-03-13";"Facere placeat fugiat maxime aperiam asperiores.";"Approved"
82;430;"Paid";"2025-10-29";"2025-11-02";"A qui dolor eaque pariatur officiis quisquam iure.";"Approved"
83;493;"Casual";"2025-07-24";"2025-07-27";"Assumenda velit inventore earum.";"Approved"
84;475;"Sick";"2025-08-12";"2025-08-16";"Cum dolore omnis consequuntur omnis.";"Approved"
85;31;"Casual";"2025-08-23";"2025-08-24";"Pariatur quam non vel illum qui.";"Approved"
86;355;"Casual";"2025-06-06";"2025-06-11";"Reprehenderit iste nisi quis deleniti illo.";"Rejected"
87;225;"Paid";"2025-10-17";"2025-10-20";"Quis dolorum sint ut nesciunt pariatur.";"Pending"
88;215;"Paid";"2025-03-21";"2025-03-26";"Minus iusto porro cupiditate.";"Approved"
89;52;"Paid";"2025-12-07";"2025-12-10";"Occaecati fuga non magni eum corporis hic.";"Pending"
90;60;"Casual";"2025-09-23";"2025-09-28";"Ipsum minus rerum odit perferendis esse itaque.";"Approved"
91;296;"Emergency";"2025-11-21";"2025-11-24";"Sapiente ad officia asperiores.";"Rejected"
92;6;"Sick";"2025-08-13";"2025-08-17";"Nesciunt assumenda dolorem architecto.";"Approved"
93;304;"Paid";"2025-03-30";"2025-04-01";"Numquam harum hic pariatur quam beatae enim.";"Approved"
94;447;"Casual";"2025-07-28";"2025-07-30";"Maxime dolores ratione.";"Approved"
95;110;"Paid";"2025-12-17";"2025-12-22";"Laboriosam quod eveniet nulla.";"Approved"
96;172;"Emergency";"2025-11-23";"2025-11-28";"Facilis ipsum laborum atque incidunt vel distinctio incidunt.";"Approved"
97;445;"Casual";"2025-02-25";"2025-03-02";"Numquam quo rem id ex eius.";"Approved"
98;10;"Paid";"2025-11-01";"2025-11-04";"Deserunt tenetur quae iste.";"Approved"
99;371;"Sick";"2025-09-14";"2025-09-15";"Quaerat magnam ea optio rem blanditiis.";"Approved"
100;202;"Paid";"2025-03-22";"2025-03-25";"Alias earum optio adipisci consectetur sit.";"Approved"
101;391;"Sick";"2025-02-19";"2025-02-20";"Perspiciatis sed tempore modi incidunt omnis nam.";"Approved"
102;34;"Emergency";"2025-01-24";"2025-01-28";"Assumenda qui fugiat hic dolores.";"Approved"
103;161;"Paid";"2025-06-24";"2025-06-28";"Optio aut illum labore.";"Pending"
104;58;"Casual";"2025-10-18";"2025-10-20";"Porro sit veritatis tempora laborum tempore.";"Approved"
105;11;"Sick";"2025-12-14";"2025-12-15";"Fugit modi ex dignissimos quis amet ullam.";"Approved"
106;343;"Sick";"2025-11-22";"2025-11-27";"Pariatur ratione officiis illum distinctio dolore.";"Pending"
107;387;"Emergency";"2025-05-23";"2025-05-24";"Nobis quos eveniet iure laboriosam.";"Approved"
108;52;"Casual";"2025-09-04";"2025-09-09";"Facere mollitia assumenda ea iure debitis.";"Approved"
109;478;"Emergency";"2025-09-07";"2025-09-10";"Ipsa a fugiat dolore.";"Approved"
110;244;"Casual";"2025-04-21";"2025-04-26";"Accusantium quis asperiores laboriosam quae a.";"Approved"
111;229;"Sick";"2025-02-23";"2025-02-27";"Modi praesentium explicabo beatae assumenda dignissimos iusto.";"Pending"
112;371;"Emergency";"2025-07-30";"2025-08-01";"Ullam ab minus libero voluptate.";"Approved"
113;315;"Sick";"2025-04-14";"2025-04-19";"Vitae nisi dolore est incidunt earum.";"Rejected"
114;307;"Casual";"2025-06-17";"2025-06-20";"Dolores occaecati quos in delectus consequuntur ullam.";"Pending"
115;3;"Casual";"2025-03-02";"2025-03-06";"Aut laborum recusandae animi ipsa minus.";"Approved"
116;116;"Emergency";"2025-02-21";"2025-02-23";"Nemo aliquid repellat suscipit eaque consectetur laboriosam.";"Approved"
117;173;"Emergency";"2025-11-16";"2025-11-17";"Error accusantium doloribus nihil aliquid itaque eaque.";"Approved"
118;255;"Casual";"2025-05-24";"2025-05-28";"Possimus ex a nesciunt numquam.";"Approved"
119;264;"Emergency";"2025-01-11";"2025-01-15";"Ratione cupiditate repellendus quisquam ducimus.";"Approved"
120;185;"Paid";"2025-02-04";"2025-02-08";"Architecto facere voluptatem deserunt ab maxime nostrum.";"Approved"
121;86;"Sick";"2025-11-03";"2025-11-07";"Laboriosam odit ullam.";"Approved"
122;243;"Sick";"2025-05-16";"2025-05-21";"Eum ducimus eaque maiores laudantium ad asperiores.";"Approved"
123;230;"Sick";"2025-06-04";"2025-06-06";"Architecto architecto sunt tenetur voluptatum sunt.";"Approved"
124;291;"Sick";"2025-06-10";"2025-06-15";"Dignissimos laudantium accusantium.";"Approved"
125;380;"Paid";"2025-06-08";"2025-06-10";"Quis hic ullam fugit necessitatibus veritatis architecto.";"Approved"
126;318;"Sick";"2025-10-24";"2025-10-28";"Aspernatur unde ut amet necessitatibus aliquid at.";"Approved"
127;363;"Sick";"2025-08-04";"2025-08-09";"Tempora eaque eligendi aut facilis quibusdam.";"Approved"
128;266;"Emergency";"2025-04-09";"2025-04-10";"Ipsa maxime quidem soluta ea sunt officiis.";"Approved"
129;190;"Paid";"2025-07-06";"2025-07-10";"Dolores quia praesentium nihil maxime facere odit corporis.";"Approved"
130;34;"Sick";"2025-07-19";"2025-07-24";"Nam esse dolore rem natus dolorem labore.";"Rejected"
131;379;"Casual";"2025-11-16";"2025-11-17";"Earum odit perferendis suscipit eligendi.";"Approved"
132;97;"Casual";"2025-05-02";"2025-05-06";"Neque voluptate itaque reprehenderit.";"Approved"
133;329;"Sick";"2025-05-03";"2025-05-04";"Nam maiores exercitationem quisquam eveniet occaecati.";"Approved"
134;339;"Casual";"2025-03-04";"2025-03-07";"Quibusdam ad nihil sapiente.";"Approved"
135;153;"Emergency";"2025-07-05";"2025-07-09";"Laudantium quia eaque atque recusandae illo repellat.";"Approved"
136;232;"Paid";"2025-09-27";"2025-10-02";"Sunt laborum veniam voluptate dolorum eligendi totam iusto.";"Approved"
137;208;"Sick";"2025-08-21";"2025-08-23";"Esse modi quaerat aspernatur dolore.";"Approved"
138;2;"Paid";"2025-08-30";"2025-09-03";"Doloremque culpa perspiciatis saepe nihil quo.";"Approved"
139;35;"Emergency";"2025-10-08";"2025-10-13";"Natus error expedita natus amet.";"Approved"
140;436;"Sick";"2025-06-01";"2025-06-05";"Architecto eligendi vitae laborum error.";"Rejected"
141;322;"Sick";"2025-05-04";"2025-05-05";"Mollitia omnis dolores neque eveniet optio.";"Approved"
142;241;"Sick";"2025-07-02";"2025-07-03";"Magni perspiciatis quam ipsum possimus.";"Approved"
143;139;"Casual";"2025-09-06";"2025-09-09";"Possimus aut perspiciatis enim fugiat necessitatibus excepturi quae.";"Approved"
144;83;"Casual";"2025-08-30";"2025-09-04";"Perspiciatis dolores voluptatum sint.";"Approved"
145;362;"Emergency";"2025-11-14";"2025-11-17";"Eius mollitia officiis ipsam deserunt sunt eius dicta.";"Rejected"
146;257;"Paid";"2025-01-09";"2025-01-13";"Eligendi labore eum numquam labore porro.";"Approved"
147;407;"Casual";"2025-01-14";"2025-01-19";"Praesentium officiis inventore harum.";"Approved"
148;266;"Emergency";"2025-06-12";"2025-06-17";"Ea expedita delectus assumenda cum voluptate.";"Approved"
149;24;"Casual";"2025-06-05";"2025-06-10";"Ipsam quia recusandae sequi et eveniet ducimus.";"Approved"
150;100;"Casual";"2025-09-04";"2025-09-07";"Iusto sint est veniam quod et ratione.";"Approved"
151;411;"Casual";"2025-06-24";"2025-06-26";"In omnis dolores minus iste.";"Approved"
152;350;"Casual";"2025-04-15";"2025-04-18";"Ipsum exercitationem maxime doloribus illum ducimus vitae.";"Approved"
153;72;"Sick";"2025-04-20";"2025-04-24";"Amet consectetur minus distinctio praesentium commodi dignissimos.";"Approved"
154;33;"Paid";"2025-10-01";"2025-10-06";"Excepturi autem quia autem ipsa repellat.";"Approved"
155;319;"Paid";"2025-03-01";"2025-03-06";"Suscipit quam quidem doloribus sed possimus harum omnis.";"Approved"
156;227;"Emergency";"2025-01-03";"2025-01-05";"Natus expedita harum fugiat.";"Approved"
157;265;"Casual";"2025-11-24";"2025-11-26";"A delectus ipsa esse labore quisquam.";"Rejected"
158;366;"Casual";"2025-01-27";"2025-01-30";"Quas similique eius nemo molestiae saepe.";"Approved"
159;407;"Emergency";"2025-09-23";"2025-09-24";"Debitis consectetur nesciunt eligendi.";"Approved"
160;232;"Sick";"2025-02-05";"2025-02-08";"Perferendis incidunt officia quaerat similique nulla qui.";"Approved"
161;97;"Paid";"2025-01-24";"2025-01-26";"Voluptatum cupiditate vitae magni.";"Approved"
162;216;"Casual";"2025-09-15";"2025-09-18";"Nisi provident accusantium facilis.";"Approved"
163;272;"Casual";"2025-04-07";"2025-04-12";"Molestiae ratione eveniet voluptate blanditiis.";"Approved"
164;418;"Sick";"2025-09-04";"2025-09-06";"Animi totam eaque beatae ut.";"Approved"
165;399;"Casual";"2025-09-11";"2025-09-15";"Pariatur deserunt neque quasi consequuntur accusantium amet quisquam.";"Approved"
166;125;"Casual";"2025-07-04";"2025-07-09";"Quam deserunt quae ut.";"Rejected"
167;347;"Paid";"2025-12-04";"2025-12-09";"Nesciunt quaerat velit aliquid alias.";"Approved"
168;193;"Casual";"2025-06-11";"2025-06-13";"Labore ducimus possimus aliquid est quod.";"Pending"
169;91;"Casual";"2025-05-07";"2025-05-10";"Magni assumenda inventore labore consectetur.";"Approved"
170;219;"Paid";"2025-08-14";"2025-08-15";"A nisi ad.";"Approved"
171;127;"Casual";"2025-06-22";"2025-06-23";"Animi labore perspiciatis possimus quo.";"Approved"
172;280;"Casual";"2025-05-05";"2025-05-10";"Magnam neque aperiam corporis soluta.";"Rejected"
173;187;"Emergency";"2025-04-26";"2025-04-29";"Pariatur impedit quidem enim.";"Pending"
174;239;"Casual";"2025-11-12";"2025-11-13";"Necessitatibus officia vel similique tempore.";"Approved"
175;398;"Sick";"2025-01-15";"2025-01-19";"Rerum suscipit fugit.";"Approved"
176;240;"Emergency";"2025-11-29";"2025-12-02";"Veritatis similique rerum architecto deleniti.";"Approved"
177;360;"Sick";"2025-03-25";"2025-03-27";"A sint quidem quidem quos.";"Approved"
178;111;"Sick";"2025-10-19";"2025-10-22";"Cupiditate fugiat sapiente saepe consequuntur.";"Approved"
179;463;"Emergency";"2025-07-12";"2025-07-15";"Itaque hic nesciunt tenetur.";"Pending"
180;239;"Paid";"2025-03-30";"2025-04-01";"Reiciendis cumque quaerat odit vel.";"Approved"
181;175;"Casual";"2025-06-04";"2025-06-07";"Natus eaque sunt illo labore eum.";"Approved"
182;57;"Emergency";"2025-02-01";"2025-02-06";"Tempora deleniti debitis reprehenderit.";"Approved"
183;43;"Sick";"2025-07-06";"2025-07-09";"Dolorum dolorum recusandae optio aut iure.";"Approved"
184;184;"Sick";"2025-03-17";"2025-03-19";"Enim nesciunt non temporibus quisquam.";"Approved"
185;20;"Emergency";"2025-05-20";"2025-05-24";"Veniam vitae expedita architecto aliquid.";"Approved"
186;478;"Paid";"2025-04-22";"2025-04-26";"Odit consequatur harum excepturi.";"Approved"
187;384;"Casual";"2025-04-15";"2025-04-17";"Alias fugit provident incidunt ipsum.";"Rejected"
188;490;"Casual";"2025-04-16";"2025-04-17";"Neque aliquid quidem voluptas cum reiciendis aspernatur.";"Approved"
189;315;"Paid";"2025-08-10";"2025-08-15";"Rerum beatae voluptates iure delectus non molestiae adipisci.";"Approved"
190;255;"Paid";"2025-05-14";"2025-05-16";"Ut labore odit fugit nisi ut pariatur.";"Approved"
191;419;"Paid";"2025-06-11";"2025-06-14";"Quae ratione odit sunt eos voluptatum veritatis.";"Approved"
192;17;"Sick";"2025-01-07";"2025-01-11";"Inventore dolor consequuntur eligendi labore dignissimos.";"Approved"
193;162;"Paid";"2025-06-26";"2025-06-28";"Officia fugiat dicta fugit ipsam.";"Rejected"
194;102;"Emergency";"2025-09-16";"2025-09-17";"Sit esse quod praesentium sapiente modi.";"Approved"
195;116;"Casual";"2025-04-30";"2025-05-04";"Vel minima minima eum nisi doloremque dolores.";"Approved"
196;305;"Emergency";"2025-04-07";"2025-04-11";"Nam suscipit corrupti corporis quis natus a architecto.";"Approved"
197;413;"Emergency";"2025-06-25";"2025-06-26";"Nemo architecto molestias distinctio aspernatur.";"Rejected"
198;468;"Paid";"2025-10-02";"2025-10-03";"Culpa sint recusandae ipsa nobis explicabo.";"Pending"
199;432;"Emergency";"2025-08-09";"2025-08-14";"Quidem eum itaque repellat praesentium saepe doloribus.";"Approved"
200;201;"Paid";"2025-05-19";"2025-05-23";"Incidunt vitae modi tenetur.";"Rejected"
201;244;"Casual";"2025-12-04";"2025-12-05";"Deserunt eum accusantium at a.";"Approved"
202;499;"Paid";"2025-09-03";"2025-09-06";"Facere quis ab perferendis.";"Approved"
203;142;"Casual";"2025-02-01";"2025-02-05";"Inventore officia soluta repudiandae minima dignissimos cupiditate.";"Rejected"
204;205;"Paid";"2025-12-02";"2025-12-07";"Ipsam animi molestias nesciunt veritatis eveniet adipisci.";"Approved"
205;286;"Sick";"2025-02-04";"2025-02-05";"Quo cumque totam ducimus repellendus tempore ab quam.";"Approved"
206;246;"Sick";"2025-07-30";"2025-08-03";"Sequi quisquam aliquid necessitatibus.";"Approved"
207;315;"Paid";"2025-01-17";"2025-01-21";"Tenetur cupiditate corporis aliquid.";"Approved"
208;151;"Casual";"2025-02-19";"2025-02-20";"Reprehenderit iste similique ea possimus itaque.";"Rejected"
209;293;"Sick";"2025-01-01";"2025-01-06";"Tenetur quisquam eum modi at soluta.";"Approved"
210;426;"Emergency";"2025-10-13";"2025-10-16";"Fuga laudantium a.";"Rejected"
211;55;"Sick";"2025-04-18";"2025-04-22";"Asperiores laborum vero accusantium.";"Approved"
212;215;"Paid";"2025-09-23";"2025-09-26";"Sapiente optio provident incidunt dolores soluta quam error.";"Approved"
213;140;"Casual";"2025-10-08";"2025-10-11";"Illum est unde expedita excepturi ex velit.";"Pending"
214;169;"Sick";"2025-11-04";"2025-11-06";"Amet autem dolor doloribus quam enim nobis.";"Pending"
215;192;"Paid";"2025-09-30";"2025-10-05";"Neque iure sequi reprehenderit quia necessitatibus.";"Rejected"
216;392;"Casual";"2025-07-28";"2025-07-31";"Officia consequatur excepturi temporibus asperiores a.";"Approved"
217;173;"Paid";"2025-06-23";"2025-06-24";"Ab eius quae ducimus quas delectus.";"Approved"
218;48;"Sick";"2025-04-20";"2025-04-22";"Minima libero numquam maxime quo.";"Approved"
219;444;"Sick";"2025-08-23";"2025-08-27";"Quibusdam in soluta incidunt asperiores libero.";"Approved"
220;407;"Casual";"2025-02-14";"2025-02-19";"Expedita nisi error rem error commodi veritatis.";"Approved"
221;473;"Paid";"2025-08-24";"2025-08-29";"Laboriosam aut distinctio perferendis.";"Pending"
222;243;"Paid";"2025-08-01";"2025-08-06";"Totam tempore perspiciatis nam.";"Approved"
223;9;"Sick";"2025-08-23";"2025-08-25";"Animi saepe amet labore nesciunt quod non.";"Approved"
224;45;"Paid";"2025-11-22";"2025-11-26";"Atque perferendis dolor impedit veniam libero voluptatibus.";"Approved"
225;117;"Casual";"2025-06-20";"2025-06-23";"Ut quae corporis dolore vero.";"Approved"
226;341;"Emergency";"2025-10-25";"2025-10-30";"Repellat quaerat hic quod.";"Rejected"
227;32;"Casual";"2025-10-03";"2025-10-05";"Sint asperiores non neque enim.";"Approved"
228;149;"Paid";"2025-01-29";"2025-02-01";"Aliquam ut magnam odio.";"Approved"
229;214;"Sick";"2025-10-08";"2025-10-11";"Eveniet culpa ratione nam accusantium.";"Approved"
230;388;"Sick";"2025-05-26";"2025-05-31";"Dicta repellendus quibusdam alias.";"Approved"
231;396;"Sick";"2025-05-07";"2025-05-09";"Quisquam nostrum impedit sequi fuga.";"Approved"
232;63;"Casual";"2025-05-23";"2025-05-27";"Distinctio quisquam beatae aperiam tempora dignissimos molestias.";"Approved"
233;274;"Emergency";"2025-02-27";"2025-03-03";"Culpa odit pariatur nam natus vero soluta.";"Approved"
234;307;"Casual";"2025-02-01";"2025-02-06";"Voluptas expedita repellat exercitationem assumenda iure.";"Approved"
235;215;"Paid";"2025-03-04";"2025-03-08";"Unde a sapiente dolorem labore eius minus.";"Approved"
236;308;"Casual";"2025-02-10";"2025-02-15";"Quos consequuntur dicta itaque.";"Approved"
237;474;"Emergency";"2025-05-29";"2025-06-02";"Doloribus consectetur quos cumque minus ducimus consequatur.";"Approved"
238;493;"Casual";"2025-12-04";"2025-12-09";"Rem quaerat officiis porro architecto consequuntur tempora.";"Pending"
239;389;"Paid";"2025-06-26";"2025-06-29";"Quas ad iusto eos repellat optio nesciunt.";"Approved"
240;187;"Sick";"2025-10-30";"2025-11-01";"Nostrum delectus quas officia aspernatur.";"Pending"
241;239;"Emergency";"2025-10-21";"2025-10-25";"Tempore tenetur quibusdam fuga quia facere impedit ea.";"Approved"
242;486;"Casual";"2025-08-23";"2025-08-27";"Id aliquid ducimus pariatur.";"Pending"
243;453;"Sick";"2025-01-04";"2025-01-05";"Delectus quidem illum odio culpa ipsa.";"Approved"
244;294;"Casual";"2025-01-28";"2025-01-29";"Et culpa exercitationem perferendis nostrum quisquam.";"Approved"
245;114;"Emergency";"2025-01-06";"2025-01-10";"Delectus repudiandae blanditiis fugit eaque rerum.";"Approved"
246;491;"Paid";"2025-03-18";"2025-03-20";"Dolorum saepe rem iste sint in adipisci autem.";"Approved"
247;189;"Sick";"2025-05-31";"2025-06-01";"Necessitatibus minus minima quae expedita non.";"Approved"
248;451;"Emergency";"2025-08-24";"2025-08-25";"Ullam eligendi totam ad.";"Approved"
249;217;"Casual";"2025-10-04";"2025-10-07";"Ipsam quidem commodi dolorem quasi distinctio nemo.";"Rejected"
250;320;"Sick";"2025-12-06";"2025-12-08";"Facilis repellat hic nihil unde debitis ea.";"Approved"
251;386;"Casual";"2025-08-25";"2025-08-29";"Minima libero et expedita voluptas.";"Approved"
252;364;"Emergency";"2025-05-29";"2025-06-03";"Minus tenetur esse.";"Approved"
253;483;"Casual";"2025-10-24";"2025-10-29";"Natus accusantium est modi.";"Approved"
254;369;"Paid";"2025-02-28";"2025-03-02";"Asperiores officiis blanditiis hic laboriosam optio fugiat.";"Approved"
255;500;"Sick";"2025-06-09";"2025-06-10";"Illum minus inventore delectus eum ullam.";"Rejected"
256;260;"Paid";"2025-04-20";"2025-04-25";"Quod iusto laboriosam accusamus rem labore ea incidunt.";"Approved"
257;500;"Casual";"2025-02-06";"2025-02-10";"Laudantium ipsam mollitia ducimus illum ad quidem.";"Approved"
258;329;"Emergency";"2025-04-05";"2025-04-09";"Minima repellendus vitae molestias commodi quisquam inventore.";"Approved"
259;252;"Casual";"2025-03-20";"2025-03-24";"Corrupti hic in dignissimos unde tempore maxime.";"Approved"
260;352;"Emergency";"2025-11-20";"2025-11-24";"Aut sed impedit.";"Approved"
261;472;"Sick";"2025-11-10";"2025-11-13";"Tenetur aut iure mollitia.";"Approved"
262;475;"Emergency";"2025-04-23";"2025-04-25";"Est quae dolore laboriosam consectetur.";"Approved"
263;128;"Emergency";"2025-10-16";"2025-10-21";"Quaerat quos nesciunt facilis nobis.";"Approved"
264;358;"Paid";"2025-04-02";"2025-04-06";"Laboriosam adipisci doloremque aliquid esse aliquam ullam exercitationem.";"Approved"
265;215;"Emergency";"2025-05-30";"2025-06-03";"Ipsum sequi modi nesciunt numquam rerum.";"Approved"
266;233;"Paid";"2025-10-13";"2025-10-16";"Voluptatibus porro animi excepturi laboriosam.";"Approved"
267;265;"Casual";"2025-04-13";"2025-04-14";"Laborum labore molestias quis debitis.";"Approved"
268;391;"Paid";"2025-11-12";"2025-11-13";"Est magnam in quam perspiciatis reprehenderit dolorum voluptate.";"Approved"
269;36;"Paid";"2025-12-19";"2025-12-23";"Cumque quasi voluptatum temporibus perferendis ratione amet.";"Approved"
270;445;"Emergency";"2025-07-17";"2025-07-22";"Ut hic corrupti occaecati laboriosam incidunt.";"Rejected"
271;491;"Paid";"2025-12-02";"2025-12-04";"Nulla saepe possimus maxime voluptatum.";"Approved"
272;449;"Paid";"2025-10-05";"2025-10-10";"Laborum laboriosam inventore reiciendis temporibus quaerat.";"Pending"
273;231;"Casual";"2025-03-26";"2025-03-29";"Cupiditate laudantium quasi consequuntur accusantium hic adipisci eum.";"Pending"
274;437;"Paid";"2025-08-31";"2025-09-05";"Aliquid maxime nam officia inventore est.";"Approved"
275;21;"Sick";"2025-03-12";"2025-03-14";"Ducimus consectetur quae.";"Approved"
276;408;"Emergency";"2025-09-05";"2025-09-06";"Magnam esse tempora adipisci quisquam.";"Approved"
277;439;"Paid";"2025-07-24";"2025-07-29";"Dolores mollitia voluptatum ipsum.";"Rejected"
278;414;"Sick";"2025-10-01";"2025-10-02";"Corporis corrupti hic debitis.";"Pending"
279;206;"Emergency";"2025-06-15";"2025-06-16";"Voluptas dicta atque aspernatur saepe dolorum.";"Approved"
280;45;"Paid";"2025-01-29";"2025-02-01";"Commodi eligendi voluptate deleniti libero et.";"Approved"
281;336;"Casual";"2025-04-19";"2025-04-20";"Eius officia nesciunt accusamus rerum.";"Rejected"
282;63;"Sick";"2025-08-28";"2025-09-01";"Nemo aliquam quis corrupti libero cupiditate eligendi.";"Approved"
283;116;"Sick";"2025-10-28";"2025-11-01";"Assumenda maxime reiciendis eveniet molestiae doloribus tempora.";"Approved"
284;185;"Emergency";"2025-11-05";"2025-11-07";"Nostrum hic laborum.";"Approved"
285;415;"Sick";"2025-08-24";"2025-08-25";"Veritatis consequatur error laborum sed laudantium tempore.";"Approved"
286;219;"Casual";"2025-08-02";"2025-08-04";"Accusantium corporis temporibus asperiores natus assumenda.";"Approved"
287;349;"Emergency";"2025-03-17";"2025-03-20";"Voluptas numquam sunt ea.";"Pending"
288;315;"Casual";"2025-04-27";"2025-05-02";"Facilis dolore expedita veritatis molestias beatae excepturi.";"Approved"
289;12;"Sick";"2025-04-26";"2025-04-27";"Exercitationem suscipit suscipit non.";"Approved"
290;279;"Casual";"2025-01-19";"2025-01-20";"Labore perspiciatis modi repudiandae inventore voluptatibus harum.";"Pending"
291;28;"Sick";"2025-06-03";"2025-06-08";"Est animi aliquid nihil.";"Approved"
292;203;"Casual";"2025-02-15";"2025-02-17";"Voluptas eaque nam in.";"Approved"
293;68;"Emergency";"2025-10-31";"2025-11-01";"Iusto tenetur accusamus distinctio doloremque.";"Approved"
294;84;"Casual";"2025-04-17";"2025-04-19";"Nihil odio et hic quos quos.";"Rejected"
295;14;"Emergency";"2025-11-29";"2025-11-30";"Deserunt maiores provident id ut necessitatibus modi.";"Approved"
296;408;"Casual";"2025-08-18";"2025-08-21";"Eum fuga dicta.";"Approved"
297;184;"Casual";"2025-06-20";"2025-06-21";"Nisi quidem deleniti facilis placeat labore nobis.";"Approved"
298;350;"Sick";"2025-05-28";"2025-06-02";"Distinctio asperiores sed id.";"Approved"
299;61;"Casual";"2025-03-05";"2025-03-07";"Ipsum quos quae totam cum quas.";"Approved"
300;229;"Emergency";"2025-06-05";"2025-06-08";"Atque asperiores doloremque quasi officia quam.";"Approved"
301;308;"Emergency";"2025-05-08";"2025-05-13";"Tempore autem pariatur quaerat alias iure.";"Approved"
302;285;"Paid";"2025-08-18";"2025-08-20";"Recusandae modi animi illo.";"Approved"
303;28;"Casual";"2025-11-03";"2025-11-07";"Expedita nostrum aperiam vitae.";"Approved"
304;430;"Paid";"2025-09-14";"2025-09-15";"Magnam itaque quod quo voluptas labore.";"Approved"
305;397;"Emergency";"2025-08-07";"2025-08-11";"Pariatur vitae incidunt molestias nostrum corrupti itaque.";"Pending"
306;395;"Emergency";"2025-05-27";"2025-05-28";"Excepturi perspiciatis necessitatibus porro excepturi.";"Approved"
307;117;"Emergency";"2025-10-25";"2025-10-29";"Provident quam voluptatibus earum.";"Approved"
308;241;"Paid";"2025-12-17";"2025-12-18";"Necessitatibus nisi earum accusamus sit libero.";"Approved"
309;1;"Paid";"2025-03-24";"2025-03-25";"Harum accusamus eum reprehenderit incidunt voluptates.";"Approved"
310;244;"Paid";"2025-02-14";"2025-02-16";"Voluptas vitae atque perferendis.";"Approved"
311;55;"Casual";"2025-08-29";"2025-09-01";"Aliquam quia placeat quibusdam.";"Approved"
312;409;"Sick";"2025-06-16";"2025-06-18";"Voluptatem libero optio.";"Pending"
313;59;"Paid";"2025-10-18";"2025-10-21";"Iusto id natus totam.";"Approved"
314;491;"Paid";"2025-02-18";"2025-02-21";"Vero delectus optio quibusdam et adipisci ratione.";"Pending"
315;196;"Sick";"2025-06-27";"2025-06-28";"Delectus ex omnis reiciendis eaque.";"Approved"
316;159;"Casual";"2025-07-06";"2025-07-08";"Expedita sunt aut nisi dolore maiores expedita.";"Rejected"
317;410;"Paid";"2025-04-20";"2025-04-23";"Molestias dicta perferendis suscipit voluptatem odio.";"Approved"
318;500;"Casual";"2025-10-15";"2025-10-20";"Optio esse sit eum.";"Approved"
319;357;"Sick";"2025-11-18";"2025-11-19";"Sapiente qui laudantium quas delectus minima excepturi facere.";"Approved"
320;379;"Casual";"2025-10-07";"2025-10-09";"Explicabo ipsam illum incidunt dolorem.";"Approved"
321;400;"Emergency";"2025-07-08";"2025-07-10";"Porro ipsa officia excepturi ipsa a.";"Approved"
322;31;"Casual";"2025-12-10";"2025-12-15";"Sit ratione cumque vel assumenda.";"Approved"
323;221;"Sick";"2025-06-25";"2025-06-27";"Dolorum natus perferendis ipsa doloribus assumenda quo nam.";"Approved"
324;184;"Paid";"2025-05-18";"2025-05-21";"Aut sed cupiditate iusto corporis eligendi reprehenderit.";"Approved"
325;280;"Sick";"2025-07-04";"2025-07-06";"Reprehenderit impedit labore est commodi doloribus.";"Approved"
326;362;"Casual";"2025-06-16";"2025-06-19";"Deserunt sapiente alias quia.";"Approved"
327;239;"Sick";"2025-10-12";"2025-10-15";"Quaerat non ad facere perferendis iste nesciunt doloribus.";"Rejected"
328;425;"Sick";"2025-07-11";"2025-07-13";"Nam ad corrupti suscipit nulla.";"Rejected"
329;55;"Sick";"2025-01-20";"2025-01-23";"Illo adipisci sit optio.";"Rejected"
330;171;"Emergency";"2025-07-03";"2025-07-06";"Facilis cum sed.";"Approved"
331;163;"Sick";"2025-07-30";"2025-07-31";"Excepturi beatae provident quasi.";"Approved"
332;31;"Casual";"2025-09-25";"2025-09-28";"Molestiae voluptatibus natus cumque porro animi vel.";"Approved"
333;2;"Paid";"2025-09-05";"2025-09-09";"Voluptatem quas exercitationem vitae.";"Approved"
334;227;"Casual";"2025-06-27";"2025-06-28";"Voluptates ex quia voluptates corrupti velit.";"Pending"
335;340;"Emergency";"2025-03-30";"2025-04-03";"Amet minima ad ipsam id veniam.";"Approved"
336;407;"Sick";"2025-08-29";"2025-08-30";"Labore optio iusto consectetur reprehenderit sed voluptate.";"Approved"
337;32;"Casual";"2025-08-02";"2025-08-04";"Facere minus minus ad et.";"Approved"
338;442;"Sick";"2025-06-26";"2025-07-01";"Nam in facere mollitia hic aliquid.";"Approved"
339;11;"Sick";"2025-10-27";"2025-10-31";"Voluptatum veniam necessitatibus incidunt facilis.";"Approved"
340;148;"Sick";"2025-06-04";"2025-06-08";"Enim quod nam ea deleniti.";"Approved"
341;258;"Emergency";"2025-07-21";"2025-07-25";"Sed omnis delectus.";"Approved"
342;251;"Emergency";"2025-11-10";"2025-11-15";"Cum itaque commodi esse.";"Rejected"
343;212;"Emergency";"2025-05-10";"2025-05-13";"Excepturi ad numquam sit.";"Approved"
344;103;"Emergency";"2025-09-07";"2025-09-09";"Adipisci neque quasi a modi.";"Approved"
345;174;"Sick";"2025-08-17";"2025-08-21";"Repellat nam libero laudantium laboriosam doloribus.";"Rejected"
346;90;"Paid";"2025-01-13";"2025-01-14";"Ex quibusdam totam et cumque quasi dolores.";"Approved"
347;272;"Paid";"2025-01-11";"2025-01-16";"Repellat rerum voluptate illum accusamus sit officiis.";"Approved"
348;128;"Paid";"2025-06-20";"2025-06-24";"Dolor et illo iure facilis.";"Rejected"
349;178;"Sick";"2025-06-26";"2025-06-29";"Ducimus fugiat nostrum numquam molestiae quia voluptates.";"Approved"
350;288;"Paid";"2025-07-05";"2025-07-08";"Dolorum natus quidem tenetur earum alias cupiditate.";"Approved"
351;118;"Sick";"2025-04-18";"2025-04-21";"Sequi soluta quia minima sapiente nesciunt maiores temporibus.";"Approved"
352;123;"Casual";"2025-04-24";"2025-04-28";"Perferendis sint dolore explicabo id minus.";"Approved"
353;245;"Emergency";"2025-08-14";"2025-08-18";"Ex quibusdam consectetur laboriosam aperiam deleniti.";"Approved"
354;110;"Casual";"2025-05-04";"2025-05-05";"Error odio praesentium facere tempora aliquid reprehenderit.";"Approved"
355;95;"Emergency";"2025-06-19";"2025-06-23";"Ex mollitia atque voluptatum quas nulla itaque.";"Approved"
356;115;"Paid";"2025-03-01";"2025-03-05";"Fugiat nemo amet error soluta.";"Approved"
357;310;"Emergency";"2025-06-13";"2025-06-14";"Veritatis minus facilis distinctio accusantium fugiat.";"Rejected"
358;38;"Sick";"2025-05-15";"2025-05-20";"Perferendis neque porro voluptate magni incidunt.";"Approved"
359;94;"Casual";"2025-09-27";"2025-09-28";"Deserunt pariatur velit corporis aliquid.";"Approved"
360;239;"Paid";"2025-12-04";"2025-12-09";"Error natus illo.";"Pending"
361;104;"Paid";"2025-04-03";"2025-04-06";"Rerum assumenda mollitia consequuntur magnam voluptates perspiciatis.";"Approved"
362;434;"Sick";"2025-05-18";"2025-05-20";"Error reiciendis unde esse.";"Approved"
363;184;"Sick";"2025-01-09";"2025-01-14";"Dolores itaque harum atque asperiores.";"Approved"
364;399;"Emergency";"2025-11-18";"2025-11-19";"Totam error dignissimos nostrum esse nostrum non.";"Approved"
365;159;"Paid";"2025-01-21";"2025-01-24";"Cum nostrum est recusandae.";"Approved"
366;99;"Sick";"2025-04-25";"2025-04-27";"Hic cumque repudiandae.";"Pending"
367;110;"Paid";"2025-01-18";"2025-01-20";"Repudiandae voluptates deleniti aspernatur et velit nulla.";"Approved"
368;398;"Casual";"2025-03-15";"2025-03-17";"Animi accusantium necessitatibus saepe dicta tempore.";"Approved"
369;466;"Sick";"2025-05-10";"2025-05-13";"Explicabo delectus exercitationem molestias.";"Approved"
370;182;"Casual";"2025-08-25";"2025-08-29";"Beatae accusantium aspernatur quisquam fuga.";"Approved"
371;277;"Casual";"2025-05-31";"2025-06-01";"Sint distinctio magni aliquid.";"Approved"
372;112;"Casual";"2025-11-07";"2025-11-11";"Iusto autem laboriosam amet veniam est occaecati facere.";"Approved"
373;330;"Paid";"2025-12-11";"2025-12-14";"Eius tenetur dolor illum culpa nemo mollitia.";"Approved"
374;256;"Casual";"2025-03-16";"2025-03-21";"Ipsam ea laudantium eligendi dolor culpa.";"Approved"
375;234;"Sick";"2025-03-10";"2025-03-11";"Ea eius rem asperiores.";"Pending"
376;142;"Sick";"2025-09-02";"2025-09-06";"Recusandae ipsa debitis recusandae quas ipsum blanditiis.";"Approved"
377;265;"Sick";"2025-04-08";"2025-04-10";"Ratione minima distinctio.";"Approved"
378;268;"Emergency";"2025-06-05";"2025-06-06";"Temporibus velit perferendis aliquam.";"Rejected"
379;91;"Emergency";"2025-08-14";"2025-08-19";"Deserunt iste libero iusto.";"Approved"
380;489;"Emergency";"2025-10-30";"2025-11-03";"Blanditiis culpa reiciendis sapiente eveniet veniam ab.";"Approved"
381;187;"Paid";"2025-12-11";"2025-12-16";"Quia eius possimus.";"Approved"
382;499;"Paid";"2025-05-11";"2025-05-12";"Ad ex doloribus occaecati.";"Approved"
383;302;"Sick";"2025-05-04";"2025-05-09";"Ea ut reiciendis eligendi explicabo.";"Approved"
384;153;"Casual";"2025-02-28";"2025-03-04";"Impedit veritatis consectetur possimus ex optio.";"Approved"
385;43;"Paid";"2025-04-26";"2025-05-01";"Tenetur quam nostrum recusandae pariatur.";"Approved"
386;224;"Sick";"2025-12-02";"2025-12-05";"Dolore odit nesciunt praesentium possimus ut excepturi.";"Pending"
387;252;"Sick";"2025-03-11";"2025-03-13";"Quidem dolores sapiente hic asperiores cum quod.";"Approved"
388;408;"Casual";"2025-01-22";"2025-01-24";"Laborum autem nobis explicabo velit blanditiis aperiam at.";"Approved"
389;453;"Casual";"2025-03-23";"2025-03-24";"Fugiat nisi corrupti quisquam.";"Approved"
390;36;"Sick";"2025-12-09";"2025-12-14";"Cumque omnis id nostrum voluptas dolorem.";"Approved"
391;204;"Paid";"2025-10-11";"2025-10-15";"Facilis explicabo tempora deserunt autem molestias.";"Rejected"
392;407;"Paid";"2025-07-05";"2025-07-06";"Cumque neque amet quo eveniet soluta.";"Approved"
393;471;"Paid";"2025-10-25";"2025-10-26";"Eligendi velit quibusdam excepturi aliquid vitae officia.";"Approved"
394;114;"Emergency";"2025-01-29";"2025-02-01";"Provident recusandae qui.";"Approved"
395;294;"Casual";"2025-01-06";"2025-01-10";"Eius nesciunt eaque.";"Rejected"
396;162;"Emergency";"2025-08-23";"2025-08-24";"Doloribus debitis numquam.";"Approved"
397;24;"Paid";"2025-09-24";"2025-09-26";"Nisi eos repellat nesciunt ex cupiditate illo.";"Approved"
398;279;"Paid";"2025-07-14";"2025-07-18";"Explicabo architecto tempora provident cupiditate inventore mollitia quis.";"Approved"
399;448;"Emergency";"2025-08-13";"2025-08-17";"Mollitia voluptatibus deserunt hic est earum non.";"Rejected"
400;237;"Emergency";"2025-12-14";"2025-12-15";"Rem hic saepe provident maxime.";"Pending"
401;199;"Emergency";"2025-02-07";"2025-02-08";"Explicabo eius id vero.";"Approved"
402;192;"Paid";"2025-09-21";"2025-09-26";"Maiores pariatur iste ducimus.";"Approved"
403;39;"Sick";"2025-04-18";"2025-04-23";"Magnam earum est.";"Approved"
404;465;"Paid";"2025-07-30";"2025-07-31";"Labore excepturi inventore et voluptates alias voluptatum.";"Approved"
405;51;"Casual";"2025-09-02";"2025-09-06";"Ipsum aliquam debitis delectus nam.";"Approved"
406;483;"Sick";"2025-06-17";"2025-06-18";"Fuga ipsum eos eos dolorem.";"Rejected"
407;141;"Emergency";"2025-05-02";"2025-05-04";"Fuga delectus tenetur eum velit a sequi.";"Approved"
408;366;"Paid";"2025-10-16";"2025-10-17";"Ex quisquam enim ipsam consectetur ipsa.";"Approved"
409;56;"Emergency";"2025-11-27";"2025-11-29";"Aliquam officia quasi ad tempore.";"Approved"
410;403;"Paid";"2025-12-15";"2025-12-18";"Sint natus laborum odit labore explicabo.";"Approved"
411;174;"Sick";"2025-02-24";"2025-02-28";"Veniam expedita magnam laborum eaque.";"Approved"
412;376;"Casual";"2025-09-30";"2025-10-01";"Accusantium esse illo.";"Approved"
413;228;"Sick";"2025-11-27";"2025-12-01";"Eveniet ex dolorem similique amet nemo.";"Approved"
414;160;"Casual";"2025-01-29";"2025-01-30";"Voluptates velit sequi blanditiis.";"Pending"
415;446;"Emergency";"2025-08-05";"2025-08-07";"Qui qui laborum iste mollitia doloribus officiis similique.";"Approved"
416;49;"Casual";"2025-06-10";"2025-06-12";"Pariatur delectus nostrum ad inventore illum voluptas quibusdam.";"Approved"
417;117;"Paid";"2025-01-15";"2025-01-19";"Voluptatem veniam fugit.";"Pending"
418;429;"Paid";"2025-07-03";"2025-07-07";"Quam eos temporibus facilis corporis animi mollitia expedita.";"Approved"
419;126;"Casual";"2025-09-27";"2025-10-02";"Ipsa neque itaque ea odio quasi.";"Approved"
420;415;"Emergency";"2025-09-01";"2025-09-06";"Totam aliquid vero aspernatur commodi nisi.";"Approved"
421;435;"Casual";"2025-05-20";"2025-05-24";"Voluptate et at ratione soluta eveniet alias.";"Approved"
422;43;"Paid";"2025-12-17";"2025-12-18";"Velit atque eius quaerat.";"Approved"
423;12;"Paid";"2025-01-09";"2025-01-12";"Vero fuga dolores eum quasi.";"Approved"
424;344;"Paid";"2025-11-10";"2025-11-15";"Porro quod voluptates occaecati blanditiis sed aliquid.";"Approved"
425;456;"Sick";"2025-04-05";"2025-04-08";"Ratione culpa consectetur magnam beatae deleniti officiis.";"Approved"
426;105;"Paid";"2025-08-24";"2025-08-28";"Voluptate amet officia perferendis.";"Approved"
427;44;"Sick";"2025-10-19";"2025-10-21";"Expedita quaerat explicabo esse alias ratione maxime.";"Approved"
428;66;"Casual";"2025-03-14";"2025-03-16";"Occaecati ullam fugit.";"Approved"
429;181;"Paid";"2025-08-03";"2025-08-06";"Est ea dolore nam ratione ratione dicta.";"Approved"
430;48;"Sick";"2025-03-16";"2025-03-21";"Vero laborum fugit vero esse nesciunt sequi voluptate.";"Approved"
431;195;"Emergency";"2025-05-13";"2025-05-16";"Ipsa labore exercitationem eum doloribus.";"Approved"
432;93;"Emergency";"2025-04-20";"2025-04-22";"Beatae hic similique ratione culpa debitis.";"Approved"
433;184;"Emergency";"2025-07-16";"2025-07-21";"Earum molestiae laboriosam aliquid.";"Approved"
434;366;"Paid";"2025-04-27";"2025-04-28";"Necessitatibus minima sed neque dolor explicabo corrupti.";"Rejected"
435;381;"Sick";"2025-10-31";"2025-11-03";"Temporibus minima aut perferendis nostrum aut vero.";"Approved"
436;136;"Emergency";"2025-03-12";"2025-03-16";"Impedit quis iste sapiente blanditiis eaque officiis.";"Approved"
437;258;"Casual";"2025-07-28";"2025-07-31";"Soluta exercitationem voluptatem nobis.";"Approved"
438;353;"Emergency";"2025-03-02";"2025-03-05";"Placeat iure placeat modi occaecati repellat.";"Rejected"
439;152;"Sick";"2025-02-23";"2025-02-28";"Fugiat laboriosam voluptate unde ipsam ratione.";"Approved"
440;282;"Paid";"2025-12-08";"2025-12-12";"Similique illum natus quibusdam sunt.";"Approved"
441;199;"Sick";"2025-07-01";"2025-07-05";"Quibusdam quibusdam dignissimos aut dignissimos.";"Approved"
442;283;"Sick";"2025-01-07";"2025-01-10";"Voluptatibus in distinctio.";"Approved"
443;10;"Emergency";"2025-06-22";"2025-06-25";"At culpa beatae corporis.";"Rejected"
444;47;"Casual";"2025-11-09";"2025-11-11";"Blanditiis laboriosam reprehenderit cupiditate accusantium perspiciatis nam omnis.";"Approved"
445;378;"Emergency";"2025-01-09";"2025-01-11";"Saepe quidem amet occaecati numquam consectetur.";"Approved"
446;311;"Emergency";"2025-09-24";"2025-09-29";"Tenetur assumenda culpa quasi.";"Approved"
447;113;"Sick";"2025-07-20";"2025-07-24";"Animi magni rerum maxime natus.";"Approved"
448;246;"Emergency";"2025-11-16";"2025-11-21";"Suscipit sint fuga numquam.";"Approved"
449;209;"Emergency";"2025-08-21";"2025-08-24";"Magnam harum quae et pariatur voluptatem assumenda.";"Approved"
450;280;"Casual";"2025-08-02";"2025-08-03";"Voluptates animi voluptates ducimus.";"Approved"
451;315;"Paid";"2025-09-03";"2025-09-08";"In voluptatem quod vitae voluptates quae.";"Rejected"
452;124;"Casual";"2025-05-12";"2025-05-14";"Totam mollitia doloribus saepe.";"Approved"
453;450;"Casual";"2025-09-03";"2025-09-05";"Ut facere eos odio optio nesciunt pariatur deserunt.";"Rejected"
454;440;"Emergency";"2025-06-12";"2025-06-16";"Totam voluptate rem delectus.";"Approved"
455;237;"Emergency";"2025-11-17";"2025-11-20";"Odio sapiente consequuntur totam.";"Approved"
456;52;"Paid";"2025-10-06";"2025-10-07";"Rerum odit porro expedita temporibus hic animi maxime.";"Approved"
457;406;"Sick";"2025-01-29";"2025-01-31";"Eligendi fugiat ratione architecto assumenda nihil molestias.";"Approved"
458;401;"Emergency";"2025-10-05";"2025-10-09";"Cumque autem quos amet mollitia nostrum soluta.";"Approved"
459;429;"Casual";"2025-01-29";"2025-02-03";"Culpa quae pariatur blanditiis ipsam vitae animi.";"Approved"
460;487;"Paid";"2025-04-05";"2025-04-10";"Hic placeat at optio inventore dolore consectetur.";"Approved"
461;307;"Casual";"2025-06-22";"2025-06-24";"Vero illo fuga minima nisi maxime quaerat quos.";"Approved"
462;178;"Emergency";"2025-12-14";"2025-12-19";"Nam molestiae dicta.";"Approved"
463;378;"Sick";"2025-04-15";"2025-04-19";"Ut illo facere molestiae.";"Approved"
464;449;"Sick";"2025-06-04";"2025-06-07";"Laborum at architecto deleniti explicabo.";"Approved"
465;151;"Paid";"2025-07-18";"2025-07-21";"Excepturi a magnam itaque aut perferendis.";"Approved"
466;235;"Paid";"2025-11-17";"2025-11-21";"Vero architecto distinctio alias cupiditate.";"Approved"
467;454;"Paid";"2025-03-08";"2025-03-12";"Quis provident distinctio sunt saepe temporibus.";"Approved"
468;195;"Sick";"2025-01-11";"2025-01-16";"Voluptatem earum distinctio quisquam.";"Approved"
469;457;"Sick";"2025-07-26";"2025-07-29";"At explicabo rerum autem voluptas alias deleniti.";"Approved"
470;87;"Paid";"2025-06-08";"2025-06-09";"Atque velit cumque blanditiis aut blanditiis nulla eius.";"Approved"
471;160;"Emergency";"2025-10-28";"2025-10-29";"Sed fugiat nostrum esse.";"Approved"
472;384;"Casual";"2025-08-18";"2025-08-19";"Explicabo neque nihil incidunt.";"Approved"
473;425;"Paid";"2025-07-17";"2025-07-21";"Fugiat assumenda animi necessitatibus eligendi.";"Approved"
474;119;"Sick";"2025-03-26";"2025-03-30";"Odio aperiam illo.";"Approved"
475;60;"Sick";"2025-03-27";"2025-03-29";"Ratione ex quo ducimus.";"Approved"
476;121;"Sick";"2025-06-28";"2025-07-01";"Natus aperiam enim.";"Approved"
477;471;"Paid";"2025-01-16";"2025-01-20";"Libero ex sunt expedita vero magnam.";"Approved"
478;411;"Casual";"2025-08-01";"2025-08-05";"Placeat molestias quae.";"Approved"
479;373;"Paid";"2025-01-14";"2025-01-15";"Aperiam dolorem illum saepe sint aliquid.";"Approved"
480;297;"Paid";"2025-04-25";"2025-04-30";"Inventore quidem ullam quisquam.";"Approved"
481;47;"Casual";"2025-12-09";"2025-12-13";"Deserunt eaque dolorem iure.";"Approved"
482;306;"Emergency";"2025-08-03";"2025-08-07";"Delectus debitis veritatis occaecati natus nulla.";"Approved"
483;308;"Emergency";"2025-01-03";"2025-01-05";"Dolorem quod mollitia alias.";"Approved"
484;190;"Sick";"2025-03-04";"2025-03-08";"Ipsum ipsam officia laborum ab molestias voluptas.";"Approved"
485;420;"Emergency";"2025-05-27";"2025-06-01";"Eaque nemo corporis.";"Pending"
486;402;"Casual";"2025-01-06";"2025-01-08";"Dolores voluptatem ratione sit tenetur eaque.";"Approved"
487;284;"Paid";"2025-03-30";"2025-03-31";"Animi libero molestiae ex doloribus sint.";"Approved"
488;74;"Casual";"2025-08-14";"2025-08-18";"Optio nulla nihil asperiores velit cumque.";"Pending"
489;321;"Emergency";"2025-08-04";"2025-08-05";"Dicta fugiat quis quia sint.";"Approved"
490;133;"Paid";"2025-08-17";"2025-08-18";"Dolore provident cum natus pariatur veritatis dignissimos.";"Approved"
491;261;"Emergency";"2025-03-09";"2025-03-14";"Esse quod laborum nisi dolorem quae quis.";"Pending"
492;290;"Sick";"2025-04-01";"2025-04-05";"Officiis ad eaque eveniet.";"Approved"
493;222;"Paid";"2025-06-26";"2025-07-01";"Doloremque cumque nesciunt omnis architecto.";"Approved"
494;406;"Casual";"2025-09-05";"2025-09-08";"Labore totam commodi occaecati accusamus nam soluta mollitia.";"Approved"
495;179;"Emergency";"2025-05-07";"2025-05-08";"Ut distinctio tempora.";"Approved"
496;398;"Sick";"2025-03-05";"2025-03-10";"Occaecati recusandae id ex necessitatibus deserunt.";"Approved"
497;305;"Sick";"2025-01-04";"2025-01-05";"Quam mollitia eligendi porro a repellendus cupiditate.";"Approved"
498;382;"Emergency";"2025-04-01";"2025-04-06";"Adipisci est quibusdam rerum possimus.";"Pending"
499;117;"Casual";"2025-07-25";"2025-07-30";"Corporis quaerat sunt reprehenderit dicta qui.";"Pending"
500;153;"Emergency";"2025-09-05";"2025-09-09";"Provident minima non quidem quas adipisci recusandae.";"Approved"
501;55;"Paid";"2025-07-30";"2025-07-31";"Incidunt doloribus aliquam mollitia illum.";"Approved"
502;200;"Paid";"2025-04-26";"2025-04-30";"Nesciunt nulla sit sint iste molestiae libero.";"Approved"
503;323;"Sick";"2025-01-16";"2025-01-21";"Ex ut libero tempore dolore perferendis.";"Approved"
504;114;"Sick";"2025-04-19";"2025-04-21";"Esse vitae magnam fugit dignissimos voluptatibus.";"Approved"
505;323;"Sick";"2025-03-18";"2025-03-20";"Necessitatibus praesentium excepturi repellendus impedit.";"Approved"
506;406;"Casual";"2025-10-31";"2025-11-02";"Itaque expedita est occaecati cum eos.";"Approved"
507;288;"Sick";"2025-10-19";"2025-10-21";"Eligendi mollitia quo.";"Approved"
508;125;"Paid";"2025-11-13";"2025-11-15";"Earum minus eaque soluta perferendis.";"Approved"
509;146;"Emergency";"2025-03-19";"2025-03-23";"Perspiciatis nisi eveniet.";"Approved"
510;273;"Sick";"2025-05-08";"2025-05-09";"Ab magnam numquam praesentium atque.";"Rejected"
511;372;"Sick";"2025-06-16";"2025-06-17";"Quo neque repellendus nesciunt nisi nobis.";"Approved"
512;316;"Emergency";"2025-08-20";"2025-08-25";"Aperiam dolorum nam perferendis quod temporibus aspernatur.";"Approved"
513;491;"Casual";"2025-12-16";"2025-12-20";"Fugiat nulla dolor numquam occaecati ullam iusto.";"Approved"
514;88;"Casual";"2025-01-14";"2025-01-18";"Sint corrupti reiciendis assumenda.";"Approved"
515;441;"Casual";"2025-08-15";"2025-08-19";"Quas facere facere saepe.";"Approved"
516;490;"Casual";"2025-01-23";"2025-01-24";"Sequi ducimus hic sint neque saepe corporis.";"Approved"
517;241;"Sick";"2025-10-30";"2025-10-31";"Dolorum dolorum ipsam error.";"Approved"
518;454;"Sick";"2025-09-26";"2025-10-01";"Quo repellat voluptates soluta repellat beatae.";"Approved"
519;166;"Sick";"2025-05-10";"2025-05-15";"Delectus aliquid natus esse aspernatur earum temporibus.";"Approved"
520;163;"Emergency";"2025-06-05";"2025-06-10";"Architecto expedita modi consectetur deserunt ea quos.";"Pending"
521;483;"Paid";"2025-04-21";"2025-04-25";"Unde commodi accusantium sapiente eum dolore.";"Approved"
522;481;"Sick";"2025-08-12";"2025-08-16";"Reiciendis odit quos sapiente.";"Approved"
523;10;"Emergency";"2025-11-29";"2025-12-04";"Consequatur libero exercitationem harum.";"Rejected"
524;106;"Casual";"2025-07-11";"2025-07-15";"Expedita nostrum totam veniam non voluptates at.";"Approved"
525;426;"Emergency";"2025-04-16";"2025-04-20";"Earum dolores incidunt alias voluptas commodi.";"Rejected"
526;98;"Casual";"2025-01-10";"2025-01-14";"Consectetur illum aspernatur vel nihil dolor necessitatibus sequi.";"Approved"
527;229;"Paid";"2025-01-30";"2025-02-02";"Neque explicabo corrupti quas commodi rem iste.";"Approved"
528;338;"Emergency";"2025-02-27";"2025-02-28";"Fugiat in reiciendis perspiciatis.";"Approved"
529;295;"Sick";"2025-02-17";"2025-02-20";"Corrupti assumenda at libero vel error voluptatem.";"Approved"
530;434;"Emergency";"2025-09-03";"2025-09-04";"Cum modi distinctio doloribus.";"Approved"
531;190;"Paid";"2025-06-15";"2025-06-20";"Eos deserunt voluptates magni.";"Approved"
532;336;"Sick";"2025-05-03";"2025-05-05";"Ex optio quis at labore voluptates.";"Approved"
533;343;"Sick";"2025-09-16";"2025-09-20";"Magni veniam vero ut.";"Rejected"
534;90;"Casual";"2025-05-25";"2025-05-29";"Amet assumenda quaerat doloribus magni facilis eius.";"Rejected"
535;172;"Sick";"2025-03-07";"2025-03-11";"Doloribus quos cum facere.";"Approved"
536;332;"Emergency";"2025-08-07";"2025-08-09";"Neque ducimus veritatis iusto cupiditate impedit officia.";"Pending"
537;97;"Paid";"2025-06-02";"2025-06-05";"Magni iure quidem deserunt beatae temporibus.";"Approved"
538;22;"Paid";"2025-10-21";"2025-10-23";"Iste repellendus molestiae totam illum odio odit.";"Approved"
539;172;"Casual";"2025-02-18";"2025-02-19";"Quas accusamus explicabo itaque culpa.";"Approved"
540;61;"Emergency";"2025-04-19";"2025-04-21";"Deleniti libero perspiciatis temporibus nobis.";"Approved"
541;217;"Paid";"2025-06-14";"2025-06-18";"Neque dolores magni dicta aliquid.";"Rejected"
542;381;"Casual";"2025-05-05";"2025-05-06";"Porro excepturi id ut ipsam.";"Approved"
543;404;"Paid";"2025-05-20";"2025-05-21";"Saepe aliquam explicabo nesciunt.";"Approved"
544;184;"Paid";"2025-11-21";"2025-11-25";"Occaecati cupiditate explicabo fugiat quo adipisci ab.";"Approved"
545;7;"Emergency";"2025-10-09";"2025-10-11";"In earum doloremque quidem.";"Rejected"
546;485;"Paid";"2025-05-29";"2025-05-31";"Laborum doloremque unde sed impedit.";"Rejected"
547;101;"Sick";"2025-06-25";"2025-06-28";"Explicabo facere repudiandae adipisci officiis.";"Approved"
548;80;"Emergency";"2025-08-06";"2025-08-11";"Ratione sunt soluta est.";"Rejected"
549;500;"Casual";"2025-08-11";"2025-08-12";"Veritatis eaque impedit modi voluptatibus.";"Rejected"
550;42;"Sick";"2025-07-10";"2025-07-15";"Maxime recusandae consequatur maiores ad est.";"Approved"
551;222;"Paid";"2025-01-02";"2025-01-03";"Excepturi voluptatem voluptate.";"Approved"
552;63;"Casual";"2025-03-18";"2025-03-22";"Velit veniam architecto rem mollitia.";"Approved"
553;392;"Sick";"2025-06-26";"2025-06-29";"Aut magnam non quos.";"Approved"
554;282;"Sick";"2025-07-28";"2025-07-31";"Vitae odit delectus cum accusamus.";"Approved"
555;110;"Sick";"2025-12-10";"2025-12-14";"Voluptatum ab deleniti exercitationem provident.";"Approved"
556;100;"Sick";"2025-01-10";"2025-01-14";"Sit expedita dolorem quo sed distinctio veritatis.";"Pending"
557;170;"Emergency";"2025-11-16";"2025-11-18";"Necessitatibus vel illo ipsa nostrum.";"Approved"
558;145;"Paid";"2025-03-02";"2025-03-04";"Exercitationem illo pariatur praesentium tempore velit iure.";"Pending"
559;140;"Paid";"2025-10-02";"2025-10-05";"Non earum unde veritatis perspiciatis.";"Approved"
560;245;"Emergency";"2025-04-03";"2025-04-07";"Necessitatibus eos ipsa odit debitis quibusdam eum.";"Pending"
561;407;"Sick";"2025-06-23";"2025-06-26";"Dolorem magnam consequuntur molestias soluta minima.";"Approved"
562;195;"Casual";"2025-08-13";"2025-08-18";"Eius aliquam nihil soluta distinctio ab.";"Rejected"
563;373;"Sick";"2025-01-29";"2025-01-31";"Suscipit placeat labore repellat.";"Approved"
564;442;"Casual";"2025-09-03";"2025-09-06";"Ad suscipit aperiam recusandae numquam quasi repudiandae.";"Approved"
565;378;"Emergency";"2025-11-23";"2025-11-26";"Magnam soluta architecto sed.";"Rejected"
566;39;"Sick";"2025-02-26";"2025-03-02";"Magnam consectetur accusamus libero dolore deleniti.";"Approved"
567;407;"Paid";"2025-07-05";"2025-07-08";"Incidunt quisquam nam sapiente recusandae placeat.";"Approved"
568;121;"Casual";"2025-11-03";"2025-11-07";"Illum exercitationem quaerat.";"Approved"
569;489;"Sick";"2025-12-08";"2025-12-10";"Minima incidunt perspiciatis nam odio officiis amet.";"Approved"
570;165;"Casual";"2025-03-22";"2025-03-25";"Architecto dolore esse quisquam quod harum sit soluta.";"Approved"
571;231;"Emergency";"2025-03-20";"2025-03-25";"Saepe assumenda vero iure et labore.";"Approved"
572;83;"Sick";"2025-10-31";"2025-11-04";"Itaque fugiat consectetur nesciunt amet impedit.";"Approved"
573;235;"Paid";"2025-03-28";"2025-04-02";"Quis corrupti occaecati illo dignissimos veniam cum.";"Approved"
574;214;"Casual";"2025-10-03";"2025-10-04";"Nesciunt eligendi vel dolor.";"Rejected"
575;87;"Sick";"2025-09-19";"2025-09-23";"Vero hic natus.";"Approved"
576;124;"Sick";"2025-02-19";"2025-02-21";"Minus tempore dicta nostrum asperiores facilis ipsa.";"Approved"
577;369;"Sick";"2025-07-10";"2025-07-14";"Enim maxime ipsam.";"Approved"
578;35;"Casual";"2025-02-10";"2025-02-14";"Alias nobis repellendus.";"Pending"
579;475;"Sick";"2025-10-07";"2025-10-09";"Est fugiat quam quis.";"Approved"
580;427;"Casual";"2025-07-29";"2025-08-02";"Maiores magnam quaerat et reiciendis autem.";"Approved"
581;139;"Paid";"2025-12-07";"2025-12-10";"Occaecati nostrum doloribus perferendis rem at expedita impedit.";"Approved"
582;161;"Emergency";"2025-07-26";"2025-07-28";"Nulla dolorem et temporibus.";"Rejected"
583;219;"Emergency";"2025-12-01";"2025-12-05";"Laboriosam earum officiis excepturi porro corrupti.";"Pending"
584;255;"Paid";"2025-01-24";"2025-01-27";"Unde similique tenetur.";"Approved"
585;192;"Casual";"2025-05-22";"2025-05-25";"Ad id id ratione consequatur.";"Approved"
586;333;"Emergency";"2025-03-19";"2025-03-24";"Id quod ipsa.";"Approved"
587;18;"Paid";"2025-08-12";"2025-08-15";"Officiis atque distinctio quam inventore.";"Approved"
588;468;"Paid";"2025-02-08";"2025-02-11";"Alias placeat beatae esse molestiae illum.";"Approved"
589;172;"Casual";"2025-05-13";"2025-05-15";"Beatae voluptas eaque consectetur accusamus recusandae.";"Pending"
590;293;"Casual";"2025-08-03";"2025-08-06";"Recusandae dolor ut quis distinctio voluptate nobis similique.";"Approved"
591;13;"Sick";"2025-11-09";"2025-11-14";"Quam ducimus alias ratione.";"Approved"
592;455;"Paid";"2025-10-08";"2025-10-10";"Itaque facilis aut ducimus.";"Approved"
593;49;"Paid";"2025-09-19";"2025-09-24";"Labore sapiente minima dolor hic.";"Approved"
594;214;"Casual";"2025-07-26";"2025-07-31";"Nemo sed labore.";"Approved"
595;227;"Sick";"2025-03-18";"2025-03-22";"Nobis corporis esse odit maxime.";"Approved"
596;41;"Casual";"2025-11-16";"2025-11-20";"Ratione sunt quisquam nisi vitae.";"Approved"
597;81;"Emergency";"2025-02-14";"2025-02-15";"Officia quasi illo repudiandae.";"Approved"
598;86;"Casual";"2025-11-05";"2025-11-06";"Odit labore sapiente dignissimos saepe.";"Pending"
599;143;"Casual";"2025-09-16";"2025-09-21";"Rerum necessitatibus incidunt perspiciatis.";"Approved"
600;45;"Casual";"2025-02-28";"2025-03-04";"Dolor incidunt deleniti quod omnis aspernatur.";"Approved"
601;371;"Emergency";"2025-08-10";"2025-08-14";"Beatae pariatur dolor.";"Approved"
602;326;"Emergency";"2025-02-12";"2025-02-13";"Velit sequi qui ipsa laboriosam.";"Approved"
603;432;"Paid";"2025-04-18";"2025-04-22";"Reiciendis totam ab laudantium vel omnis.";"Approved"
604;206;"Emergency";"2025-02-07";"2025-02-12";"Neque itaque iure possimus.";"Approved"
605;242;"Paid";"2025-01-29";"2025-02-01";"Inventore laboriosam neque quia quia aliquid.";"Rejected"
606;168;"Paid";"2025-03-03";"2025-03-06";"Provident ipsum labore quidem repellat quaerat.";"Approved"
607;102;"Sick";"2025-02-07";"2025-02-08";"Sit vitae minus accusamus impedit.";"Approved"
608;89;"Emergency";"2025-03-23";"2025-03-26";"Sed et inventore.";"Approved"
609;211;"Paid";"2025-04-28";"2025-05-02";"Consequatur optio omnis inventore et necessitatibus dolor.";"Pending"
610;47;"Emergency";"2025-05-15";"2025-05-18";"Magni totam voluptates nemo quae aspernatur velit.";"Approved"
611;305;"Sick";"2025-11-07";"2025-11-10";"Tenetur et possimus totam non harum.";"Approved"
612;320;"Emergency";"2025-07-02";"2025-07-05";"Recusandae suscipit recusandae facere.";"Approved"
613;53;"Emergency";"2025-05-01";"2025-05-06";"Nisi provident praesentium quasi deleniti sapiente deleniti.";"Approved"
614;116;"Sick";"2025-05-18";"2025-05-20";"Expedita dolor perspiciatis vero tempora a.";"Approved"
615;410;"Paid";"2025-01-29";"2025-02-02";"Architecto totam quidem fugit enim.";"Pending"
616;233;"Casual";"2025-09-30";"2025-10-03";"Fugiat rerum excepturi corrupti.";"Approved"
617;495;"Paid";"2025-04-27";"2025-04-30";"Unde quas tenetur molestias neque maxime numquam quas.";"Approved"
618;468;"Paid";"2025-04-19";"2025-04-21";"Facere voluptatibus libero voluptate velit corrupti veniam.";"Approved"
619;153;"Paid";"2025-02-25";"2025-02-28";"Amet qui ullam.";"Rejected"
620;176;"Casual";"2025-01-16";"2025-01-21";"Perferendis labore nihil.";"Pending"
621;253;"Sick";"2025-05-06";"2025-05-07";"Maiores blanditiis incidunt quam eos.";"Approved"
622;498;"Paid";"2025-10-11";"2025-10-16";"Optio quis voluptate necessitatibus.";"Approved"
623;196;"Casual";"2025-01-29";"2025-01-30";"Quos porro nulla et.";"Approved"
624;321;"Casual";"2025-02-15";"2025-02-19";"Voluptatum dolorum exercitationem.";"Approved"
625;163;"Paid";"2025-02-02";"2025-02-03";"Ut totam est reprehenderit vitae.";"Approved"
626;377;"Emergency";"2025-10-08";"2025-10-12";"Tempora ex consequuntur facere natus.";"Approved"
627;276;"Casual";"2025-03-26";"2025-03-28";"Aliquid repudiandae ex libero molestias quis mollitia.";"Approved"
628;478;"Paid";"2025-06-07";"2025-06-08";"Vitae neque tempora hic porro laborum.";"Approved"
629;8;"Paid";"2025-09-01";"2025-09-03";"Voluptates eveniet ipsa deleniti debitis.";"Approved"
630;60;"Casual";"2025-05-07";"2025-05-12";"Occaecati atque dolorem.";"Pending"
631;373;"Paid";"2025-04-20";"2025-04-23";"Voluptas iure tempore quidem.";"Approved"
632;173;"Casual";"2025-05-29";"2025-05-31";"Soluta maiores modi officiis tempore cupiditate quo.";"Approved"
633;313;"Casual";"2025-07-13";"2025-07-16";"Impedit ex laudantium rem dolorum.";"Approved"
634;125;"Casual";"2025-10-08";"2025-10-12";"Eius vitae voluptatibus est.";"Approved"
635;45;"Paid";"2025-04-22";"2025-04-27";"Cumque similique corrupti mollitia optio corporis.";"Rejected"
636;31;"Casual";"2025-07-01";"2025-07-06";"Accusantium natus laborum qui accusamus cum.";"Rejected"
637;486;"Emergency";"2025-11-30";"2025-12-01";"Velit ad vel molestiae eligendi.";"Approved"
638;275;"Casual";"2025-03-04";"2025-03-05";"Non sunt eos exercitationem.";"Approved"
639;407;"Paid";"2025-11-25";"2025-11-30";"Deserunt ut exercitationem optio magni.";"Approved"
640;81;"Sick";"2025-10-22";"2025-10-23";"Accusantium nam nisi ipsam ipsa quas.";"Approved"
641;422;"Emergency";"2025-05-26";"2025-05-27";"Sunt odit tempora blanditiis voluptas dicta ullam.";"Approved"
642;335;"Paid";"2025-09-09";"2025-09-13";"Blanditiis voluptates temporibus recusandae sapiente.";"Rejected"
643;436;"Casual";"2025-06-14";"2025-06-16";"Minima beatae id iure.";"Approved"
644;285;"Emergency";"2025-11-21";"2025-11-25";"Eveniet nam totam magnam nulla.";"Approved"
645;376;"Paid";"2025-02-14";"2025-02-15";"Repellat animi praesentium repellendus.";"Approved"
646;377;"Paid";"2025-08-08";"2025-08-11";"Expedita dolores adipisci nesciunt at minus tempore voluptas.";"Approved"
647;73;"Sick";"2025-10-14";"2025-10-17";"Atque rerum cumque consequuntur.";"Approved"
648;495;"Emergency";"2025-10-29";"2025-11-03";"Sunt culpa quo.";"Rejected"
649;229;"Casual";"2025-01-09";"2025-01-10";"Nisi est quo quibusdam accusantium.";"Approved"
650;127;"Paid";"2025-08-18";"2025-08-20";"Exercitationem distinctio magnam natus dolorum ab.";"Approved"
651;106;"Sick";"2025-04-25";"2025-04-29";"Architecto ducimus debitis eligendi quia rem quo.";"Rejected"
652;476;"Emergency";"2025-11-04";"2025-11-09";"Maxime similique facilis suscipit quasi totam.";"Approved"
653;358;"Emergency";"2025-05-31";"2025-06-04";"Soluta libero soluta veniam vero ex.";"Pending"
654;213;"Casual";"2025-02-05";"2025-02-08";"Porro harum eum necessitatibus delectus adipisci est.";"Rejected"
655;371;"Paid";"2025-03-29";"2025-04-01";"Corrupti sint ratione provident.";"Approved"
656;59;"Emergency";"2025-02-23";"2025-02-24";"Distinctio accusamus accusantium sed impedit.";"Approved"
657;195;"Paid";"2025-10-02";"2025-10-06";"Autem quibusdam architecto error accusantium velit.";"Approved"
658;305;"Emergency";"2025-03-21";"2025-03-25";"Quas repudiandae neque cum.";"Approved"
659;464;"Emergency";"2025-12-05";"2025-12-10";"Id unde nulla debitis.";"Rejected"
660;192;"Paid";"2025-05-08";"2025-05-10";"Culpa expedita eius numquam incidunt fugit autem.";"Approved"
661;49;"Casual";"2025-08-26";"2025-08-30";"Ipsum temporibus sint.";"Approved"
662;478;"Paid";"2025-03-13";"2025-03-17";"Repellendus earum quidem nulla accusantium autem voluptates.";"Approved"
663;369;"Sick";"2025-09-26";"2025-09-28";"Excepturi fugiat perspiciatis repellendus quasi consequatur itaque.";"Rejected"
664;2;"Paid";"2025-08-04";"2025-08-07";"Optio quod provident adipisci provident blanditiis.";"Approved"
665;349;"Paid";"2025-09-15";"2025-09-20";"Repellat nemo molestiae aut assumenda nobis.";"Approved"
666;352;"Sick";"2025-08-08";"2025-08-10";"Quidem aliquam officia quae illo accusantium similique ex.";"Approved"
667;357;"Casual";"2025-05-09";"2025-05-12";"Soluta facere a.";"Approved"
668;116;"Casual";"2025-08-01";"2025-08-02";"Sed quas ad dolore perferendis.";"Pending"
669;399;"Sick";"2025-07-18";"2025-07-22";"Est quos illo.";"Approved"
670;403;"Paid";"2025-09-29";"2025-10-01";"Quaerat nihil aliquid.";"Rejected"
671;462;"Emergency";"2025-09-16";"2025-09-17";"Corporis voluptates adipisci perferendis.";"Rejected"
672;484;"Sick";"2025-07-19";"2025-07-23";"Quidem quibusdam cum.";"Pending"
673;44;"Sick";"2025-09-18";"2025-09-20";"Eveniet corporis commodi necessitatibus occaecati quo.";"Rejected"
674;100;"Sick";"2025-08-21";"2025-08-25";"Provident deserunt quae quod.";"Approved"
675;107;"Paid";"2025-11-22";"2025-11-27";"Maiores inventore voluptatum reiciendis ducimus.";"Approved"
676;357;"Sick";"2025-02-14";"2025-02-17";"Laborum rerum veniam.";"Approved"
677;500;"Casual";"2025-06-28";"2025-07-02";"Laudantium laborum beatae molestiae.";"Approved"
678;106;"Sick";"2025-08-15";"2025-08-16";"Vero reiciendis dolorum quisquam minima.";"Approved"
679;200;"Emergency";"2025-07-25";"2025-07-30";"Repellendus amet laboriosam quo repellendus.";"Approved"
680;176;"Emergency";"2025-12-10";"2025-12-14";"Provident hic eos nemo.";"Approved"
681;500;"Casual";"2025-04-06";"2025-04-09";"Aut ipsam pariatur officia est eaque.";"Approved"
682;92;"Sick";"2025-10-09";"2025-10-14";"Eum itaque sunt quo adipisci et.";"Pending"
683;202;"Casual";"2025-02-26";"2025-02-28";"Aliquam fugiat quibusdam illum.";"Approved"
684;116;"Sick";"2025-07-21";"2025-07-22";"Dolorum ad assumenda eligendi.";"Approved"
685;377;"Casual";"2025-09-17";"2025-09-21";"Vel mollitia saepe facilis atque.";"Approved"
686;240;"Paid";"2025-06-22";"2025-06-27";"Facere necessitatibus delectus inventore quis.";"Approved"
687;388;"Emergency";"2025-08-21";"2025-08-24";"Adipisci vero amet deserunt impedit eveniet dolorum.";"Approved"
688;306;"Paid";"2025-02-23";"2025-02-24";"Aliquid accusantium impedit odit rem.";"Approved"
689;69;"Sick";"2025-06-03";"2025-06-08";"Quam nihil debitis ipsa quae.";"Approved"
690;493;"Paid";"2025-12-10";"2025-12-12";"Nulla error necessitatibus qui ratione impedit.";"Pending"
691;178;"Emergency";"2025-07-28";"2025-07-31";"Laborum debitis eum vero excepturi nisi cupiditate.";"Approved"
692;16;"Sick";"2025-08-04";"2025-08-06";"Inventore nostrum nobis mollitia enim magnam.";"Approved"
693;75;"Paid";"2025-05-12";"2025-05-15";"Quae nisi veniam maiores explicabo delectus vero voluptas.";"Approved"
694;302;"Sick";"2025-11-14";"2025-11-18";"Quaerat ipsum quam perferendis temporibus officiis.";"Approved"
695;306;"Paid";"2025-10-27";"2025-10-30";"Rem repudiandae magni blanditiis quas placeat ipsum.";"Approved"
696;18;"Paid";"2025-04-21";"2025-04-25";"Amet ducimus facilis.";"Pending"
697;491;"Sick";"2025-08-23";"2025-08-25";"Non vel repellat totam.";"Approved"
698;303;"Casual";"2025-12-15";"2025-12-18";"Omnis aut harum quo accusantium eius voluptatem.";"Approved"
699;446;"Casual";"2025-08-31";"2025-09-05";"Fugiat qui consequatur.";"Approved"
700;30;"Casual";"2025-04-11";"2025-04-16";"Incidunt dolore a amet ipsa saepe blanditiis aut.";"Approved"
701;216;"Paid";"2025-07-22";"2025-07-26";"Ducimus mollitia ullam tempora nostrum quaerat.";"Approved"
702;99;"Sick";"2025-01-07";"2025-01-12";"Sunt quasi quis quisquam labore.";"Approved"
703;464;"Emergency";"2025-10-17";"2025-10-18";"Accusantium impedit velit quam occaecati omnis vitae.";"Approved"
704;410;"Paid";"2025-04-30";"2025-05-01";"Fugit praesentium temporibus nisi ad.";"Rejected"
705;292;"Emergency";"2025-05-11";"2025-05-15";"Dolorem atque repellendus aut eius excepturi unde.";"Rejected"
706;317;"Sick";"2025-11-10";"2025-11-14";"Sapiente laborum illum debitis suscipit officiis.";"Approved"
707;213;"Paid";"2025-05-24";"2025-05-29";"Sequi totam nihil ex.";"Pending"
708;62;"Casual";"2025-01-06";"2025-01-08";"Soluta perferendis repellat officiis sint eligendi.";"Approved"
709;185;"Sick";"2025-02-06";"2025-02-07";"Distinctio animi beatae quaerat non.";"Pending"
710;204;"Paid";"2025-03-08";"2025-03-09";"Totam aliquid neque recusandae culpa aliquid incidunt.";"Pending"
711;313;"Sick";"2025-03-21";"2025-03-23";"Magnam quae iste fuga nesciunt vitae laboriosam blanditiis.";"Approved"
712;298;"Casual";"2025-10-03";"2025-10-05";"Alias animi dolorem culpa natus provident recusandae.";"Approved"
713;346;"Emergency";"2025-09-08";"2025-09-11";"Natus est ullam.";"Pending"
714;14;"Sick";"2025-08-16";"2025-08-20";"Vel consectetur nisi libero.";"Approved"
715;29;"Sick";"2025-08-29";"2025-08-30";"Mollitia aliquid ipsa cupiditate commodi.";"Approved"
716;477;"Casual";"2025-11-16";"2025-11-21";"Ab exercitationem voluptatum qui nulla voluptatibus.";"Approved"
717;107;"Casual";"2025-04-23";"2025-04-24";"Cupiditate molestiae corrupti.";"Approved"
718;414;"Emergency";"2025-02-20";"2025-02-22";"Odio ullam voluptate earum.";"Approved"
719;212;"Paid";"2025-08-14";"2025-08-18";"Ipsa dolores nesciunt doloribus quos cupiditate.";"Approved"
720;54;"Paid";"2025-04-29";"2025-05-02";"Debitis eligendi alias eveniet iure qui quam.";"Approved"
721;63;"Sick";"2025-01-25";"2025-01-26";"Veniam inventore ratione impedit consectetur eveniet magnam.";"Pending"
722;331;"Paid";"2025-08-05";"2025-08-07";"Voluptatibus similique corporis nesciunt.";"Approved"
723;401;"Sick";"2025-05-30";"2025-06-04";"Voluptates dicta odit nihil.";"Approved"
724;438;"Sick";"2025-01-20";"2025-01-25";"Ratione ipsa voluptate hic dolorum.";"Pending"
725;146;"Emergency";"2025-10-15";"2025-10-17";"Repellat consectetur veritatis debitis saepe quia adipisci.";"Rejected"
726;169;"Emergency";"2025-07-26";"2025-07-31";"Fuga omnis omnis laudantium.";"Pending"
727;267;"Casual";"2025-10-02";"2025-10-05";"Expedita perspiciatis architecto minima.";"Pending"
728;344;"Paid";"2025-01-01";"2025-01-04";"Impedit repellendus magnam perspiciatis asperiores rem excepturi error.";"Approved"
729;163;"Casual";"2025-10-14";"2025-10-18";"Amet explicabo velit cupiditate ex.";"Rejected"
730;197;"Casual";"2025-11-05";"2025-11-10";"Sequi facilis sunt.";"Approved"
731;311;"Sick";"2025-05-08";"2025-05-12";"Expedita ea occaecati explicabo et illum.";"Pending"
732;270;"Sick";"2025-01-26";"2025-01-30";"Ea vel dolore quod praesentium eligendi temporibus provident.";"Approved"
733;283;"Casual";"2025-04-11";"2025-04-15";"Corporis sint veniam esse est quos.";"Approved"
734;412;"Sick";"2025-02-10";"2025-02-12";"Maxime consectetur ipsa.";"Pending"
735;216;"Emergency";"2025-09-18";"2025-09-21";"Dolor numquam tempora repudiandae.";"Pending"
736;414;"Paid";"2025-08-03";"2025-08-04";"Vero minima molestiae dolorum earum eum minima.";"Approved"
737;433;"Sick";"2025-10-16";"2025-10-17";"Pariatur commodi illum repellat architecto ratione.";"Approved"
738;33;"Sick";"2025-02-27";"2025-03-04";"Natus unde sequi excepturi quod amet.";"Approved"
739;459;"Casual";"2025-10-09";"2025-10-11";"Quam iusto officia quidem error provident eos dolore.";"Approved"
740;48;"Sick";"2025-10-31";"2025-11-03";"Laboriosam placeat saepe quis ipsam dolor non.";"Approved"
741;387;"Paid";"2025-08-29";"2025-08-31";"Eos molestiae quisquam labore laboriosam voluptate voluptatum.";"Approved"
742;181;"Casual";"2025-02-28";"2025-03-05";"Commodi quibusdam necessitatibus assumenda possimus veritatis.";"Rejected"
743;482;"Emergency";"2025-10-02";"2025-10-06";"Unde ullam doloremque veritatis ipsum eius consectetur ipsum.";"Approved"
744;171;"Casual";"2025-05-01";"2025-05-06";"Vel perferendis repellat tenetur necessitatibus.";"Approved"
745;106;"Sick";"2025-06-20";"2025-06-25";"Eos accusamus at vero similique aliquam corporis possimus.";"Approved"
746;256;"Emergency";"2025-10-06";"2025-10-10";"Labore et qui repudiandae.";"Approved"
747;51;"Emergency";"2025-04-15";"2025-04-17";"Earum doloribus aliquid.";"Approved"
748;233;"Paid";"2025-08-24";"2025-08-29";"Tenetur modi quas vitae.";"Approved"
749;204;"Paid";"2025-12-16";"2025-12-17";"Quo possimus rerum porro recusandae.";"Approved"
750;194;"Paid";"2025-04-14";"2025-04-15";"Reprehenderit natus magni deleniti.";"Approved"
751;179;"Casual";"2025-05-30";"2025-05-31";"Dolorem corrupti ipsa possimus reiciendis ut.";"Approved"
752;247;"Paid";"2025-08-19";"2025-08-24";"Fugiat sapiente corporis vero iure.";"Pending"
753;193;"Casual";"2025-03-25";"2025-03-30";"Recusandae vero nemo eos quasi minima a.";"Approved"
754;92;"Emergency";"2025-07-22";"2025-07-23";"Aliquam quasi ducimus nam tempore ullam odit.";"Approved"
755;311;"Emergency";"2025-04-25";"2025-04-27";"Alias laboriosam nihil ratione atque.";"Approved"
756;120;"Sick";"2025-08-08";"2025-08-13";"Ipsam possimus ducimus corrupti aut.";"Approved"
757;469;"Paid";"2025-10-03";"2025-10-07";"In quis optio molestiae.";"Approved"
758;175;"Sick";"2025-04-22";"2025-04-26";"Ipsum incidunt earum excepturi ad quam quae.";"Approved"
759;330;"Casual";"2025-06-28";"2025-07-02";"Enim soluta cupiditate id vel.";"Approved"
760;273;"Paid";"2025-04-07";"2025-04-11";"Porro vel optio debitis eaque impedit hic.";"Rejected"
761;317;"Emergency";"2025-03-22";"2025-03-24";"Expedita ipsam corporis voluptatem vitae amet.";"Approved"
762;200;"Emergency";"2025-08-18";"2025-08-22";"Amet eum non accusamus ipsam.";"Approved"
763;20;"Sick";"2025-02-24";"2025-02-26";"Unde neque consectetur corrupti provident.";"Approved"
764;371;"Emergency";"2025-03-20";"2025-03-22";"Amet magni unde placeat nam nisi.";"Approved"
765;350;"Sick";"2025-01-05";"2025-01-06";"Aliquam dolore omnis placeat fugit.";"Approved"
766;168;"Emergency";"2025-06-12";"2025-06-16";"Accusamus asperiores maxime iste amet porro.";"Approved"
767;299;"Casual";"2025-02-27";"2025-03-04";"Nemo fugiat consectetur inventore tempore alias id.";"Approved"
768;139;"Sick";"2025-01-28";"2025-02-02";"Excepturi tenetur doloribus optio.";"Pending"
769;130;"Sick";"2025-10-25";"2025-10-30";"Quae perspiciatis consequatur consectetur.";"Approved"
770;218;"Paid";"2025-03-25";"2025-03-29";"Voluptate tempore dolore sapiente dicta ipsa deserunt.";"Approved"
771;399;"Sick";"2025-08-18";"2025-08-20";"Adipisci cumque esse praesentium.";"Pending"
772;423;"Casual";"2025-01-08";"2025-01-10";"Vitae aliquid vero modi.";"Pending"
773;335;"Sick";"2025-09-04";"2025-09-08";"Iure culpa neque debitis voluptas illo.";"Approved"
774;271;"Sick";"2025-03-07";"2025-03-08";"Illo maxime labore vitae exercitationem animi.";"Approved"
775;122;"Paid";"2025-08-25";"2025-08-26";"Distinctio in nostrum voluptas harum ut quisquam.";"Approved"
776;165;"Sick";"2025-01-31";"2025-02-04";"Commodi quod ad ipsum.";"Approved"
777;74;"Casual";"2025-02-09";"2025-02-12";"Veritatis id assumenda dolorem facilis vel.";"Rejected"
778;218;"Paid";"2025-01-21";"2025-01-26";"Laborum dolorem veritatis placeat illo.";"Approved"
779;427;"Emergency";"2025-08-18";"2025-08-21";"Dolore laudantium laudantium sequi.";"Approved"
780;225;"Emergency";"2025-10-24";"2025-10-28";"Vel repudiandae corrupti dignissimos odio fugiat.";"Approved"
781;274;"Sick";"2025-03-17";"2025-03-20";"Ratione repellat numquam amet ullam dolore sapiente.";"Approved"
782;485;"Sick";"2025-01-14";"2025-01-15";"Deleniti provident eaque nostrum placeat officia.";"Pending"
783;301;"Casual";"2025-10-21";"2025-10-26";"Laudantium veritatis itaque veritatis totam voluptatum.";"Approved"
784;479;"Emergency";"2025-04-25";"2025-04-29";"Recusandae molestias nam adipisci ipsum ipsa similique.";"Approved"
785;251;"Casual";"2025-08-08";"2025-08-13";"Ducimus id aliquam eius necessitatibus sint.";"Approved"
786;98;"Casual";"2025-12-04";"2025-12-06";"Quia magnam repudiandae.";"Approved"
787;396;"Paid";"2025-01-05";"2025-01-09";"Modi reiciendis officia aperiam quo.";"Approved"
788;133;"Paid";"2025-03-04";"2025-03-09";"Ullam veritatis culpa eligendi asperiores sint.";"Approved"
789;275;"Casual";"2025-09-06";"2025-09-08";"Odio aut fugit.";"Approved"
790;71;"Paid";"2025-12-19";"2025-12-24";"Ad in aspernatur illo.";"Approved"
791;212;"Paid";"2025-02-04";"2025-02-07";"Aut animi reiciendis amet.";"Approved"
792;269;"Paid";"2025-05-13";"2025-05-16";"Nulla provident corporis perspiciatis.";"Approved"
793;476;"Emergency";"2025-08-19";"2025-08-23";"Autem dolores architecto labore vel soluta minima.";"Approved"
794;51;"Emergency";"2025-07-02";"2025-07-05";"Aut accusamus vel alias id mollitia.";"Approved"
795;245;"Casual";"2025-07-24";"2025-07-25";"Velit laudantium quasi veniam animi aliquid.";"Approved"
796;265;"Sick";"2025-06-19";"2025-06-20";"Veritatis laboriosam similique voluptates voluptatem ab error labore.";"Pending"
797;439;"Emergency";"2025-07-12";"2025-07-14";"Aliquam inventore occaecati eligendi.";"Approved"
798;411;"Paid";"2025-02-21";"2025-02-24";"Rerum illum nobis iste minima officiis voluptatum.";"Approved"
799;188;"Emergency";"2025-01-10";"2025-01-12";"Cumque voluptates explicabo nisi nobis aut.";"Approved"
800;124;"Paid";"2025-07-19";"2025-07-20";"Vel vero dolores in.";"Approved"
